ChEMBL ID;Receptor;Species;Purchasable;No. records;Assay type;Min.;Average;Max.;Unit;Mol. weight;Rot. Bonds;H don;H acc;LogP;Smiles
AMG-837;379;Smallmolecule;None;-;1;Human;39;Binding;21;8.7;8.7;8.7;Kd;ChEMBL;438;7;1;2;6.5;CC#C[C@H](c1ccc(cc1)OCc1cccc(c1)c1ccc(cc1)C(F)(F)F)CC(=O)O
AMG-837;379;Smallmolecule;None;-;1;Human;39;Binding;21;5.1;7.3;8.7;EC50;ChEMBL;438;7;1;2;6.5;CC#C[C@H](c1ccc(cc1)OCc1cccc(c1)c1ccc(cc1)C(F)(F)F)CC(=O)O
AMG-837;379;Smallmolecule;None;-;1;Human;39;Binding;21;7.4;8.0;8.7;Ki;ChEMBL;438;7;1;2;6.5;CC#C[C@H](c1ccc(cc1)OCc1cccc(c1)c1ccc(cc1)C(F)(F)F)CC(=O)O
compound4[PMID:27074625];1058;Smallmolecule;None;-;1;Human;0;Binding;1;8.1;8.3;8.4;pKd;GuidetoPharmacology;629;16;3;9;4.7;OC(=O)CCc1ccc(cc1F)OCc1cccc(c1)c1ccc(cc1C)OCCOCCNc1ccc(c2=NCN=c12)N(O)[O]
compoundB[PMID:18477808];1094;Smallmolecule;None;-;1;Human;1;Binding;6;7.3;7.3;7.3;EC50;ChEMBL;416;4;1;5;4.7;O=C1NC(=O)C(S1)Cc1ccc(cc1C)Oc1ncc(cc1Cl)C(F)(F)F
compoundB[PMID:18477808];1094;Smallmolecule;None;-;1;Human;1;Binding;6;7.2;7.2;7.2;Ki;ChEMBL;416;4;1;5;4.7;O=C1NC(=O)C(S1)Cc1ccc(cc1C)Oc1ncc(cc1Cl)C(F)(F)F
fasiglifam;1518;Smallmolecule;None;10;2;Human;61;Binding;37;7.3;7.9;8.7;EC50;ChEMBL;524;11;1;6;5.3;OC(=O)C[C@@H]1COc2c1ccc(c2)OCc1cccc(c1)c1c(C)cc(cc1C)OCCCS(=O)(=O)C
fasiglifam;1518;Smallmolecule;None;10;2;Human;61;Binding;37;7.4;7.6;8.1;Ki;ChEMBL;524;11;1;6;5.3;OC(=O)C[C@@H]1COc2c1ccc(c2)OCc1cccc(c1)c1c(C)cc(cc1C)OCCCS(=O)(=O)C
fasiglifam;1518;Smallmolecule;None;10;2;Human;61;Binding;37;7.9;8.1;8.4;Kd;ChEMBL;524;11;1;6;5.3;OC(=O)C[C@@H]1COc2c1ccc(c2)OCc1cccc(c1)c1c(C)cc(cc1C)OCCCS(=O)(=O)C
GW9508;1786;Smallmolecule;None;1;2;Human;83;Binding;22;6.5;7.0;7.6;EC50;ChEMBL;347;8;2;3;5.1;OC(=O)CCc1ccc(cc1)NCc1cccc(c1)Oc1ccccc1
GW9508;1786;Smallmolecule;None;1;2;Human;83;Binding;22;6.7;6.7;6.7;Ki;ChEMBL;347;8;2;3;5.1;OC(=O)CCc1ccc(cc1)NCc1cccc(c1)Oc1ccccc1
rosiglitazone;3185;Smallmolecule;None;-;1;Human;106;Binding;3;4.9;4.9;4.9;EC50;ChEMBL;357;7;1;6;2.5;O=C1NC(=O)C(S1)Cc1ccc(cc1)OCCN(c1ccccn1)C
TUG-424;3662;Smallmolecule;None;-;1;Human;43;Binding;8;6.2;6.2;6.2;Ki;ChEMBL;264;3;1;1;3.4;OC(=O)CCc1ccc(cc1)C#Cc1ccccc1C
TUG-424;3662;Smallmolecule;None;-;1;Human;43;Binding;8;7.2;7.2;7.2;EC50;ChEMBL;264;3;1;1;3.4;OC(=O)CCc1ccc(cc1)C#Cc1ccccc1C
TUG-770;3663;Smallmolecule;None;-;1;Human;44;Binding;8;7.6;7.7;7.7;EC50;ChEMBL;307;4;1;2;3.3;N#CCc1ccccc1C#Cc1ccc(c(c1)F)CCC(=O)O
TUG-770;3663;Smallmolecule;None;-;1;Human;44;Binding;8;7.1;7.1;7.1;Ki;ChEMBL;307;4;1;2;3.3;N#CCc1ccccc1C#Cc1ccc(c(c1)F)CCC(=O)O
TUG-905;3665;Smallmolecule;None;-;1;Human;1;Binding;6;7.9;7.8;7.9;EC50;ChEMBL;499;12;2;5;5.2;OC(=O)CCc1ccc(cc1F)NCc1cccc(c1)c1ccc(cc1C)OCCCS(=O)(=O)C
TUG-905;3665;Smallmolecule;None;-;1;Human;1;Binding;6;8.4;8.4;8.4;Ki;ChEMBL;499;12;2;5;5.2;OC(=O)CCc1ccc(cc1F)NCc1cccc(c1)c1ccc(cc1C)OCCCS(=O)(=O)C
CHEMBL1688457;58334;Smallmolecule;None;-;0;Human;0;Binding;4;7.1;7.1;7.1;EC50;ChEMBL;332;7;1;2;5.0;O=C(O)CCc1ccc(OCc2cccc(-c3ccccc3)c2)cc1
CHEMBL1688473;58351;Smallmolecule;None;1;2;Human;0;Binding;12;7.5;7.5;7.5;Ki;ChEMBL;378;7;1;2;5.7;Cc1cccc(C)c1-c1cccc(COc2ccc(CCC(=O)O)c(F)c2)c1
CHEMBL1777873;61645;Smallmolecule;None;-;0;Human;0;Binding;2;6.5;6.5;6.5;IC50;ChEMBL;272;5;1;2;3.6;CC#CC(CC(=O)O)c1ccc(OC2CCCC2)cc1
BENZYLOXYPHENYLPROPANOICACID;58329;Smallmolecule;None;-;1;Human;57;Binding;6;4.9;4.9;4.9;Ki;ChEMBL;256;6;1;2;3.3;O=C(O)CCc1ccc(OCc2ccccc2)cc1
BENZYLOXYPHENYLPROPANOICACID;58329;Smallmolecule;None;-;1;Human;57;Binding;6;6.3;6.3;6.3;EC50;ChEMBL;256;6;1;2;3.3;O=C(O)CCc1ccc(OCc2ccccc2)cc1
CHEMBL1773261;61292;Smallmolecule;None;-;1;Human;9;Binding;9;8.2;8.2;8.2;Ki;ChEMBL;345;7;2;2;5.3;Cc1ccccc1-c1cccc(CNc2ccc(CCC(=O)O)cc2)c1
CHEMBL1773261;61292;Smallmolecule;None;-;1;Human;9;Binding;9;8.0;8.0;8.0;EC50;ChEMBL;345;7;2;2;5.3;Cc1ccccc1-c1cccc(CNc2ccc(CCC(=O)O)cc2)c1
CHEMBL1777855;61627;Smallmolecule;None;-;0;Human;0;Binding;4;7.3;7.3;7.3;IC50;ChEMBL;432;7;1;3;5.8;CC#CC(CC(=O)O)c1ccc(Oc2ccc(C(F)(F)F)cc2OC(F)F)cc1F
CHEMBL1777860;61632;Smallmolecule;None;-;0;Human;0;Binding;2;7.4;7.4;7.4;IC50;ChEMBL;362;5;1;2;5.4;CC#CC(CC(=O)O)c1ccc(Oc2ccc(C(F)(F)F)cc2C)cc1
CHEMBL1777861;61633;Smallmolecule;None;-;0;Human;0;Binding;4;7.9;7.9;7.9;IC50;ChEMBL;414;7;1;3;5.7;CC#CC(CC(=O)O)c1ccc(Oc2ccc(C(F)(F)F)cc2OC(F)F)cc1
CHEMBL1777862;61634;Smallmolecule;None;-;0;Human;0;Binding;4;7.6;7.6;7.6;IC50;ChEMBL;339;5;1;3;4.6;CC#CC(CC(=O)O)c1ccc(Oc2ccc(C#N)cc2Cl)cc1
CHEMBL1777863;61635;Smallmolecule;None;-;0;Human;0;Binding;2;7.4;7.4;7.4;IC50;ChEMBL;383;5;1;3;4.7;CC#CC(CC(=O)O)c1ccc(Oc2ccc(C#N)cc2Br)cc1
CHEMBL1777864;61636;Smallmolecule;None;-;0;Human;0;Binding;4;7.9;7.9;7.9;IC50;ChEMBL;355;5;1;3;5.1;CC#CC(CC(=O)O)c1ccc(Oc2ccc(C#N)c3ccccc23)cc1
CHEMBL1777865;61637;Smallmolecule;None;-;0;Human;0;Binding;2;6.7;6.7;6.7;IC50;ChEMBL;398;5;1;2;6.2;CC#CC(CC(=O)O)c1ccc(Oc2ccc(C(F)(F)F)c3ccccc23)cc1
CHEMBL1777866;61638;Smallmolecule;None;-;0;Human;0;Binding;3;7.5;7.5;7.5;IC50;ChEMBL;383;5;1;3;5.1;CC#CC(CC(=O)O)c1ccc(Oc2ncc(C(F)(F)F)cc2Cl)cc1
CHEMBL1777867;61639;Smallmolecule;None;-;0;Human;0;Binding;2;6.4;6.4;6.4;IC50;ChEMBL;360;5;1;4;3.6;CC#CC(CC(=O)O)c1ccc(Oc2ncc(Br)cn2)cc1
CHEMBL1777868;61640;Smallmolecule;None;-;0;Human;0;Binding;2;5.6;5.6;5.6;IC50;ChEMBL;307;5;1;5;2.7;CC#CC(CC(=O)O)c1ccc(Oc2nccnc2C#N)cc1
CHEMBL1777869;61641;Smallmolecule;None;-;0;Human;0;Binding;2;6.5;6.5;6.5;IC50;ChEMBL;331;5;1;3;4.6;CC#CC(CC(=O)O)c1ccc(Oc2nccc3ccccc23)cc1
CHEMBL1777870;61642;Smallmolecule;None;-;0;Human;0;Binding;2;7.4;7.4;7.4;IC50;ChEMBL;320;5;1;2;4.3;CC#CC(CC(=O)O)c1ccc(O[C@@H]2CCc3ccccc32)cc1
CHEMBL1777871;61643;Smallmolecule;None;-;0;Human;0;Binding;2;5.4;5.4;5.4;IC50;ChEMBL;335;5;1;4;3.0;CC#CC(c1ccc(OCc2ccccc2)cc1)C1OC(=O)NC1=O
CHEMBL1777872;61644;Smallmolecule;None;-;0;Human;0;Binding;2;7.6;7.6;7.6;IC50;ChEMBL;431;6;1;4;6.2;CC#CC(CC(=O)O)c1ccc(OC2CCCc3nc(-c4ccc(C)cc4)sc32)cc1
CHEMBL1777874;61646;Smallmolecule;None;-;0;Human;0;Binding;2;5.5;5.5;5.5;IC50;ChEMBL;394;4;1;2;5.5;CC#C[C@]1(c2ccc(Oc3ccc(C(F)(F)F)cc3Cl)cc2)C[C@@H]1C(=O)O
CHEMBL1777875;61647;Smallmolecule;None;-;0;Human;0;Binding;2;5.0;5.0;5.0;IC50;ChEMBL;394;4;1;2;5.5;CC#C[C@]1(c2ccc(Oc3ccc(C(F)(F)F)cc3Cl)cc2)C[C@H]1C(=O)O
CHEMBL1777876;61648;Smallmolecule;None;-;0;Human;0;Binding;4;7.7;7.7;7.7;IC50;ChEMBL;455;6;1;5;4.8;CC#CC(c1ccc(Oc2ccc(C(F)(F)F)cc2OC(F)F)cc1)C1OC(=O)NC1=O
CHEMBL1777877;61649;Smallmolecule;None;-;0;Human;0;Binding;2;5.6;5.6;5.6;IC50;ChEMBL;455;6;1;5;4.8;CC#C[C@H](c1ccc(Oc2ccc(C(F)(F)F)cc2OC(F)F)cc1)[C@H]1OC(=O)NC1=O
CHEMBL1777878;61650;Smallmolecule;None;-;0;Human;0;Binding;2;6.8;6.8;6.8;IC50;ChEMBL;455;6;1;5;4.8;CC#C[C@@H](c1ccc(Oc2ccc(C(F)(F)F)cc2OC(F)F)cc1)[C@H]1OC(=O)NC1=O
CHEMBL1939654;69483;Smallmolecule;None;-;0;Human;8;Binding;2;7.6;7.6;7.6;EC50;ChEMBL;438;7;1;2;6.5;CC#CC(CC(=O)O)c1ccc(OCc2cccc(-c3ccc(C(F)(F)F)cc3)c2)cc1
CHEMBL2022243;73496;Smallmolecule;None;2;2;Human;0;Binding;4;6.7;6.7;6.7;Ki;ChEMBL;386;6;1;2;6.1;Cc1cccc(C)c1-c1cccc(COc2ccc3c(c2)CCC3CC(=O)O)c1
CHEMBL2022244;73497;Smallmolecule;None;63;2;Human;0;Binding;4;7.2;7.2;7.2;Ki;ChEMBL;400;6;1;2;6.4;Cc1cccc(C)c1-c1cccc(COc2ccc3c(c2)CCCC3CC(=O)O)c1
CHEMBL2022245;73498;Smallmolecule;None;-;1;Human;0;Binding;4;5.6;5.6;5.6;Ki;ChEMBL;414;6;1;2;6.8;Cc1cccc(C)c1-c1cccc(COc2ccc3c(c2)CCCCC3CC(=O)O)c1
CHEMBL2022247;73500;Smallmolecule;None;6;2;Human;0;Binding;5;6.8;6.8;6.8;Ki;ChEMBL;388;6;1;3;5.5;Cc1cccc(C)c1-c1cccc(COc2ccc3c(c2)OCC3CC(=O)O)c1
CHEMBL2022248;73501;Smallmolecule;None;-;1;Human;0;Binding;4;6.6;6.6;6.6;Ki;ChEMBL;402;5;1;3;5.6;Cc1cccc(C)c1-c1cccc(COc2ccc3c(c2)OCCC(C(=O)O)C3)c1
CHEMBL2022249;73502;Smallmolecule;None;-;1;Human;0;Binding;2;5.9;5.9;5.9;Ki;ChEMBL;372;6;1;2;5.7;Cc1cccc(C)c1-c1cccc(COc2ccc3c(c2)CC3CC(=O)O)c1
CHEMBL2022252;73505;Smallmolecule;None;11;2;Human;0;Binding;2;7.4;7.4;7.4;Ki;ChEMBL;424;6;1;3;6.3;Cc1ccc2ccccc2c1-c1cccc(COc2ccc3c(c2)OCC3CC(=O)O)c1
CHEMBL2022253;73506;Smallmolecule;None;-;1;Human;0;Binding;2;6.5;6.5;6.5;Ki;ChEMBL;416;6;1;4;6.1;O=C(O)CC1COc2cc(OCc3cccc(-c4csc5ccccc45)c3)ccc21
CHEMBL2022254;73507;Smallmolecule;None;-;1;Human;0;Binding;2;6.2;6.2;6.2;Ki;ChEMBL;416;6;1;4;6.1;O=C(O)CC1COc2cc(OCc3cccc(-c4ccc5sccc5c4)c3)ccc21
CHEMBL2022255;73508;Smallmolecule;None;12;2;Human;0;Binding;2;6.9;6.9;6.9;Ki;ChEMBL;418;7;1;4;5.5;COc1ccc(COc2ccc3c(c2)OCC3CC(=O)O)cc1-c1c(C)cccc1C
CHEMBL2022256;73509;Smallmolecule;None;24;2;Human;0;Binding;2;8.2;8.2;8.2;Ki;ChEMBL;494;9;1;4;7.1;Cc1cccc(C)c1-c1cc(COc2ccc3c(c2)OCC3CC(=O)O)ccc1OCc1ccccc1
CHEMBL2022257;73510;Smallmolecule;None;27;2;Human;0;Binding;2;7.2;7.2;7.2;Ki;ChEMBL;388;6;1;3;5.5;Cc1ccc(-c2cccc(COc3ccc4c(c3)OCC4CC(=O)O)c2)c(C)c1
CHEMBL2022258;73511;Smallmolecule;None;3;2;Human;0;Binding;2;7.4;7.4;7.4;Ki;ChEMBL;402;6;1;3;5.8;Cc1cc(C)c(-c2cccc(COc3ccc4c(c3)OCC4CC(=O)O)c2)c(C)c1
CHEMBL2022576;73552;Smallmolecule;None;5;2;Human;0;Binding;2;7.8;7.8;7.8;Ki;ChEMBL;494;9;1;4;7.1;Cc1cc(OCc2ccccc2)cc(C)c1-c1cccc(COc2ccc3c(c2)OCC3CC(=O)O)c1
CHEMBL2022577;73553;Smallmolecule;None;7;2;Human;0;Binding;4;7.5;7.5;7.5;Ki;ChEMBL;476;11;1;5;5.9;CCOCCOc1cc(C)c(-c2cccc(COc3ccc4c(c3)OCC4CC(=O)O)c2)c(C)c1
CHEMBL2022579;73555;Smallmolecule;None;-;1;Human;0;Binding;2;6.6;6.6;6.6;Ki;ChEMBL;474;11;1;4;6.2;CCOCCOc1cc(C)c(-c2cccc(COc3ccc4c(c3)CC(CC(=O)O)C4)c2)c(C)c1
CHEMBL2022580;73556;Smallmolecule;None;-;1;Human;0;Binding;2;6.6;6.5;6.6;Ki;ChEMBL;474;10;1;4;6.2;CCOCCOc1cc(C)c(-c2cccc(COc3ccc4c(c3)CCC(C(=O)O)C4)c2)c(C)c1
CHEMBL2022581;73557;Smallmolecule;None;-;1;Human;0;Binding;2;5.7;5.7;5.7;Ki;ChEMBL;488;11;1;4;6.5;CCOCCOc1cc(C)c(-c2cccc(COc3ccc4c(c3)CCC(CC(=O)O)C4)c2)c(C)c1
CHEMBL2022582;73558;Smallmolecule;None;-5;2;Human;0;Binding;2;6.4;6.4;6.4;Ki;ChEMBL;476;11;1;5;6.0;CCOCCOc1cc(C)c(-c2cccc(COc3ccc4c(c3)COC4CC(=O)O)c2)c(C)c1
CHEMBL2027975;73920;Smallmolecule;None;2;2;Human;0;Binding;2;7.4;7.4;7.4;Ki;ChEMBL;475;11;2;5;5.9;CCOCCOc1cc(C)c(-c2cccc(CNc3ccc4c(c3)OCC4CC(=O)O)c2)c(C)c1
CHEMBL2047149;75053;Smallmolecule;None;10;2;Human;0;Binding;2;7.6;7.6;7.6;Ki;ChEMBL;476;11;1;5;5.9;CCOCCOc1cc(C)c(-c2cccc(COc3ccc4c(c3)OC[C@H]4CC(=O)O)c2)c(C)c1
CHEMBL2047150;75054;Smallmolecule;None;26;2;Human;0;Binding;2;6.6;6.5;6.6;Ki;ChEMBL;476;11;1;5;5.9;CCOCCOc1cc(C)c(-c2cccc(COc3ccc4c(c3)OC[C@@H]4CC(=O)O)c2)c(C)c1
CHEMBL2047156;75060;Smallmolecule;None;1;2;Human;0;Binding;2;6.5;6.5;6.5;Ki;ChEMBL;536;8;1;6;5.5;Cc1cc(OC2CCS(=O)(=O)CC2)cc(C)c1-c1cccc(COc2ccc3c(c2)OC[C@@H]3CC(=O)O)c1
CHEMBL2079433;76653;Smallmolecule;None;7;2;Human;0;Binding;2;8.1;8.1;8.1;Ki;ChEMBL;501;8;1;5;6.0;Cc1cc(OC2CCN(C)CC2)cc(C)c1-c1cccc(COc2ccc3c(c2)OC[C@H]3CC(=O)O)c1
CHEMBL1688486;58364;Smallmolecule;None;-1;2;Human;0;Binding;5;7.3;7.3;7.3;Ki;ChEMBL;360;7;1;2;5.6;Cc1cccc(C)c1-c1cccc(COc2ccc(CCC(=O)O)cc2)c1
CHEMBL2047162;75065;Smallmolecule;None;30;2;Human;0;Binding;2;7.9;7.9;7.9;Ki;ChEMBL;529;9;1;6;7.2;Cc1nc(C)c(COc2cc(C)c(-c3cccc(COc4ccc5c(c4)OC[C@H]5CC(=O)O)c3)c(C)c2)s1
CHEMBL2079468;76656;Smallmolecule;None;-1;2;Human;0;Binding;2;7.9;7.9;7.9;Ki;ChEMBL;485;9;1;4;7.2;Cc1cccc(Oc2cc(C)c(-c3cccc(COc4ccc(CCC(=O)O)c(F)c4)c3)c(C)c2)n1
CHEMBL2048610;75259;Smallmolecule;None;-1;2;Human;0;Binding;2;7.2;7.2;7.2;Ki;ChEMBL;374;7;1;2;5.9;Cc1cccc(C)c1-c1cccc(COc2ccc(CCC(=O)O)cc2)c1C
CHEMBL2079469;76657;Smallmolecule;None;-2;2;Human;0;Binding;2;7.8;7.8;7.8;Ki;ChEMBL;465;12;2;4;6.2;CCOCCOc1cc(C)c(-c2cccc(CNc3ccc(CCC(=O)O)c(F)c3)c2)c(C)c1
CHEMBL2152070;80177;Smallmolecule;None;-;1;Human;22;Binding;14;6.8;6.8;6.8;EC50;ChEMBL;514;10;1;3;8.3;COc1ccc(F)c(-c2ccc(COc3cccc([C@@H](CC(=O)O)C4CC4)c3)cc2C2=CCCC2(C)C)c1
CHEMBL2152070;80177;Smallmolecule;None;-;1;Human;22;Binding;14;8.3;8.3;8.3;Kd;ChEMBL;514;10;1;3;8.3;COc1ccc(F)c(-c2ccc(COc3cccc([C@@H](CC(=O)O)C4CC4)c3)cc2C2=CCCC2(C)C)c1
CHEMBL2179472;82035;Smallmolecule;None;4;2;Human;15;Binding;1;6.4;6.4;6.4;Ki;ChEMBL;524;11;1;6;5.3;Cc1cc(OCCCS(C)(=O)=O)cc(C)c1-c1cccc(COc2ccc3c(c2)OC[C@@H]3CC(=O)O)c1
CHEMBL2315528;85891;Smallmolecule;None;-;1;Human;0;Binding;7;6.6;7.0;7.2;EC50;ChEMBL;289;4;1;2;3.2;N#CCc1ccccc1C#Cc1ccc(CCC(=O)O)cc1
CHEMBL2315528;85891;Smallmolecule;None;-;1;Human;0;Binding;7;6.7;6.7;6.7;Ki;ChEMBL;289;4;1;2;3.2;N#CCc1ccccc1C#Cc1ccc(CCC(=O)O)cc1
CHEMBL2385459;89660;Smallmolecule;None;-;0;Human;0;Binding;1;6.1;6.1;6.1;EC50;ChEMBL;498;7;1;3;7.2;COc1ccc(F)c(-c2ccc(COc3ccc4c(c3)[C@]3(C4)C[C@H]3C(=O)O)cc2C2=CCCC2(C)C)c1
CHEMBL2385461;89663;Smallmolecule;None;-;0;Human;0;Binding;1;6.7;6.7;6.7;EC50;ChEMBL;514;7;1;3;7.7;COc1ccc(F)c(-c2ccc(COc3ccc4c(c3)[C@]3(CC4)C[C@H]3C(=O)O)cc2[C@H]2CCCC2(C)C)c1
CHEMBL2385466;89667;Smallmolecule;None;-;0;Human;0;Binding;1;5.9;5.8;5.9;EC50;ChEMBL;498;7;1;3;7.3;COc1ccc(F)c(-c2ccc(COc3ccc4c(c3)[C@@H]3[C@@H](C(=O)O)[C@@H]3C4)cc2C2=CCCC2(C)C)c1
CHEMBL2385467;89668;Smallmolecule;None;-;0;Human;0;Binding;1;5.4;5.4;5.4;EC50;ChEMBL;512;7;1;3;7.6;COc1ccc(F)c(-c2ccc(COc3ccc4c(c3)[C@@]3(CC4)C[C@H]3C(=O)O)cc2C2=CCCC2(C)C)c1
CHEMBL2385471;89670;Smallmolecule;None;-;0;Human;0;Binding;1;5.9;5.9;5.9;EC50;ChEMBL;486;8;1;3;7.5;COc1ccc(F)c(-c2ccc(COc3cccc([C@@H]4C[C@H]4C(=O)O)c3)cc2C2=CCCC2(C)C)c1
CHEMBL2385472;89671;Smallmolecule;None;-;0;Human;0;Binding;1;5.7;5.7;5.7;EC50;ChEMBL;500;8;1;3;7.6;COc1ccc(F)c(-c2ccc(COc3cccc([C@]4(C)C[C@H]4C(=O)O)c3)cc2C2=CCCC2(C)C)c1
CHEMBL2385474;89673;Smallmolecule;None;-;0;Human;0;Binding;1;6.3;6.3;6.3;EC50;ChEMBL;526;7;1;3;8.0;COc1ccc(F)c(-c2ccc(COc3ccc4c(c3)[C@]3(CC4)CC[C@H]3C(=O)O)cc2C2=CCCC2(C)C)c1
CHEMBL2385475;89674;Smallmolecule;None;-;0;Human;0;Binding;1;6.1;6.1;6.1;EC50;ChEMBL;474;9;1;3;7.3;COc1ccc(F)c(-c2ccc(COc3cccc(CCC(=O)O)c3)cc2C2=CCCC2(C)C)c1
CHEMBL2385476;89675;Smallmolecule;None;-;0;Human;0;Binding;1;6.3;6.3;6.3;EC50;ChEMBL;500;8;1;3;7.8;COc1ccc(F)c(-c2ccc(COc3ccc4c(c3)[C@@H](CC(=O)O)CC4)cc2C2=CCCC2(C)C)c1
CHEMBL2385460;89662;Smallmolecule;None;-;0;Human;2;Binding;1;7.1;7.1;7.1;EC50;ChEMBL;514;7;1;3;7.7;COc1ccc(F)c(-c2ccc(COc3ccc4c(c3)[C@]3(CC4)C[C@H]3C(=O)O)cc2[C@@H]2CCCC2(C)C)c1
CHEMBL2385462;89664;Smallmolecule;None;-;0;Human;0;Binding;1;7.0;7.0;7.0;EC50;ChEMBL;528;7;1;3;8.1;COc1ccc(F)c(-c2ccc(COc3ccc4c(c3)[C@]3(CCC4)C[C@H]3C(=O)O)cc2[C@@H]2CCCC2(C)C)c1
CHEMBL2385463;89665;Smallmolecule;None;-;0;Human;0;Binding;1;7.0;7.0;7.0;EC50;ChEMBL;546;7;1;3;8.2;COc1ccc(F)c(-c2ccc(COc3ccc4c(c3F)[C@]3(CCC4)C[C@H]3C(=O)O)cc2[C@@H]2CCCC2(C)C)c1
CHEMBL2385464;89666;Smallmolecule;None;-;0;Human;0;Binding;1;7.0;7.0;7.0;EC50;ChEMBL;547;7;1;4;7.6;COc1cc(-c2ccc(COc3ccc4c(c3F)[C@]3(CCC4)C[C@H]3C(=O)O)cc2[C@@H]2CCCC2(C)C)c(F)cn1
CHEMBL2385470;89669;Smallmolecule;None;-;0;Human;0;Binding;1;6.8;6.8;6.8;EC50;ChEMBL;512;7;1;3;7.6;COc1ccc(F)c(-c2ccc(COc3ccc4c(c3)[C@]3(CC4)C[C@H]3C(=O)O)cc2C2=CCCC2(C)C)c1
CHEMBL2385473;89672;Smallmolecule;None;-;0;Human;0;Binding;1;6.8;6.8;6.8;EC50;ChEMBL;526;7;1;3;8.0;COc1ccc(F)c(-c2ccc(COc3ccc4c(c3)[C@]3(CCC4)C[C@H]3C(=O)O)cc2C2=CCCC2(C)C)c1
CHEMBL3264818;110514;Smallmolecule;None;-;0;Human;0;Binding;1;4.5;4.5;4.5;EC50;ChEMBL;461;10;1;4;7.0;CCC[C@H](CC(=O)O)c1cccc(OCc2ccc(-c3cncc(OC)c3)c(C(C)(C)C)c2)c1
CHEMBL3265137;110541;Smallmolecule;None;-;0;Human;0;Binding;1;5.4;5.4;5.4;EC50;ChEMBL;461;10;1;4;7.0;CCC[C@H](CC(=O)O)c1cccc(OCc2ccc(-c3cccc(OC)n3)c(C(C)(C)C)c2)c1
CHEMBL3265138;110542;Smallmolecule;None;-;0;Human;0;Binding;1;6.4;6.4;6.4;EC50;ChEMBL;460;10;1;3;7.6;CCC[C@H](CC(=O)O)c1cccc(OCc2ccc(-c3cccc(OC)c3)c(C(C)(C)C)c2)c1
CHEMBL3264813;110509;Smallmolecule;None;-;0;Human;0;Binding;1;7.1;7.1;7.1;EC50;ChEMBL;490;10;1;3;7.6;COc1ccc(F)c(-c2ccc(COc3cccc([C@@H](CC(=O)O)C4CC4)c3)cc2CC(C)(C)C)c1
CHEMBL3264814;110510;Smallmolecule;None;-;0;Human;0;Binding;1;7.0;7.0;7.0;EC50;ChEMBL;535;10;1;4;7.9;COc1cc(-c2ccc(COc3cccc([C@@H](CC(=O)O)C4CC4)c3F)cc2[C@@H]2CCCC2(C)C)c(F)cn1
CHEMBL3264815;110511;Smallmolecule;None;-;0;Human;0;Binding;1;7.2;7.2;7.2;EC50;ChEMBL;517;10;1;4;7.7;COc1cc(-c2ccc(COc3cccc([C@@H](CC(=O)O)C4CC4)c3)cc2[C@@H]2CCCC2(C)C)c(F)cn1
CHEMBL3264816;110512;Smallmolecule;None;-;0;Human;0;Binding;2;7.1;7.1;7.1;EC50;ChEMBL;516;10;1;3;8.3;COc1ccc(F)c(-c2ccc(COc3cccc([C@@H](CC(=O)O)C4CC4)c3)cc2[C@@H]2CCCC2(C)C)c1
CHEMBL3264817;110513;Smallmolecule;None;-;0;Human;0;Binding;1;6.9;6.9;6.9;EC50;ChEMBL;515;10;1;4;7.6;COc1cc(-c2ccc(COc3cccc([C@@H](CC(=O)O)C4CC4)c3)cc2C2=CCCC2(C)C)c(F)cn1
CHEMBL3265139;110543;Smallmolecule;None;-;0;Human;0;Binding;1;7.0;7.0;7.0;EC50;ChEMBL;508;10;1;3;8.1;COc1ccc(F)c(-c2ccc(COc3cccc([C@@H](CC(=O)O)C4CC4)c3)cc2[C@H](F)C(C)(C)C)c1
CHEMBL3265140;110544;Smallmolecule;None;-;0;Human;0;Binding;1;6.8;6.8;6.8;EC50;ChEMBL;520;11;1;4;7.8;COc1ccc(F)c(-c2ccc(COc3cccc([C@@H](CC(=O)O)C4CC4)c3)cc2[C@H](OC)C(C)(C)C)c1
CHEMBL3265141;110545;Smallmolecule;None;-;0;Human;0;Binding;1;6.9;6.9;6.9;EC50;ChEMBL;534;12;1;4;8.2;CCO[C@@H](c1cc(COc2cccc([C@@H](CC(=O)O)C3CC3)c2)ccc1-c1cc(OC)ccc1F)C(C)(C)C
CHEMBL3265142;110546;Smallmolecule;None;-;0;Human;0;Binding;1;6.6;6.6;6.6;EC50;ChEMBL;532;10;1;4;7.9;COc1ccc(F)c(-c2ccc(COc3cccc([C@@H](CC(=O)O)C4CC4)c3)cc2[C@@H]2OCCCC2(C)C)c1
CHEMBL3265143;110547;Smallmolecule;None;-;0;Human;0;Binding;1;5.9;5.8;5.9;EC50;ChEMBL;520;11;1;4;7.8;COc1ccc(F)c(-c2ccc(COc3cccc([C@@H](CC(=O)O)C4CC4)c3)cc2[C@@H](OC)C(C)(C)C)c1
CHEMBL3265144;110548;Smallmolecule;None;-;0;Human;0;Binding;2;7.0;7.0;7.0;EC50;ChEMBL;518;10;1;5;7.1;COc1cc(-c2ccc(COc3cc([C@@H](CC(=O)O)C4CC4)ccn3)cc2[C@@H]2CCCC2(C)C)c(F)cn1
CHEMBL3265145;110549;Smallmolecule;None;-;0;Human;0;Binding;2;6.8;6.8;6.8;EC50;ChEMBL;506;10;1;5;7.1;CC[C@H](CC(=O)O)c1ccnc(OCc2ccc(-c3cc(OC)ncc3F)c([C@@H]3CCCC3(C)C)c2)c1
CHEMBL3265146;110550;Smallmolecule;None;-;0;Human;0;Binding;2;6.6;6.5;6.6;EC50;ChEMBL;492;9;1;5;6.7;COc1cc(-c2ccc(COc3cc([C@H](C)CC(=O)O)ccn3)cc2[C@@H]2CCCC2(C)C)c(F)cn1
CHEMBL3265147;110551;Smallmolecule;None;-;0;Human;0;Binding;2;6.9;6.9;6.9;EC50;ChEMBL;517;8;1;4;7.4;COc1cc(-c2ccc(COc3ccc4c(c3)[C@@](C)(CC(=O)O)CC4)cc2[C@@H]2CCCC2(C)C)c(F)cn1
CHEMBL3265148;110552;Smallmolecule;None;-;0;Human;0;Binding;2;6.6;6.6;6.6;EC50;ChEMBL;516;7;1;5;6.5;COc1cc(-c2ccc(COc3cc4c(cn3)CC[C@]43C[C@H]3C(=O)O)cc2[C@@H]2CCCC2(C)C)c(F)cn1
CHEMBL3265149;110553;Smallmolecule;None;-;0;Human;0;Binding;2;6.8;6.8;6.8;EC50;ChEMBL;522;11;1;6;6.6;COc1cc(-c2ccc(COc3cc([C@@H](CC(=O)O)C4CC4)ccn3)cc2[C@H](OC)C(C)(C)C)c(F)cn1
CHEMBL3265150;110554;Smallmolecule;None;-;0;Human;0;Binding;2;6.6;6.6;6.6;EC50;ChEMBL;521;9;1;5;6.9;COc1cc(-c2ccc(COc3ccc4c(c3)[C@@](C)(CC(=O)O)CC4)cc2[C@H](OC)C(C)(C)C)c(F)cn1
CHEMBL3265151;110555;Smallmolecule;None;-;0;Human;0;Binding;2;6.6;6.6;6.6;EC50;ChEMBL;520;8;1;6;5.9;COc1cc(-c2ccc(COc3cc4c(cn3)CC[C@]43C[C@H]3C(=O)O)cc2[C@H](OC)C(C)(C)C)c(F)cn1
CHEMBL3286409;110953;Smallmolecule;None;-;0;Human;0;Binding;2;7.1;7.1;7.1;EC50;ChEMBL;501;8;1;6;6.1;Cc1nc(-c2ccc(C(F)(F)F)cc2)sc1COc1ccc([C@H](CC(=O)O)c2nccn2C)cc1
CHEMBL3287568;111092;Smallmolecule;None;-;0;Human;0;Binding;1;7.4;7.4;7.4;EC50;ChEMBL;418;7;1;2;6.5;CC#C[C@@H](CC(=O)O)c1ccc(OCc2cccc(-c3ccc(Cl)cc3C)c2)cc1
CHEMBL3287569;111093;Smallmolecule;None;-;0;Human;3;Binding;4;5.0;6.7;7.5;EC50;ChEMBL;460;8;1;4;6.2;Cc1cc(Cl)ccc1-c1cccc(COc2ccc([C@H](CC(=O)O)c3nccn3C)cc2)c1
CHEMBL3287570;111094;Smallmolecule;None;-;0;Human;0;Binding;2;7.5;7.5;7.5;EC50;ChEMBL;461;8;1;5;5.6;Cc1cc(Cl)ccc1-c1cccc(COc2ccc([C@H](CC(=O)O)c3ncnn3C)cc2)c1
CHEMBL3287571;111095;Smallmolecule;None;-;0;Human;0;Binding;2;7.9;7.9;7.9;EC50;ChEMBL;462;8;1;6;5.0;Cc1cc(Cl)ccc1-c1cccc(COc2ccc([C@H](CC(=O)O)c3nnnn3C)cc2)c1
CHEMBL3287572;111096;Smallmolecule;None;-;0;Human;0;Binding;1;7.2;7.2;7.2;EC50;ChEMBL;502;8;1;7;5.5;Cc1nc(-c2ccc(C(F)(F)F)cc2)sc1COc1ccc([C@H](CC(=O)O)c2ncnn2C)cc1
CHEMBL3287573;111097;Smallmolecule;None;-;0;Human;0;Binding;2;7.4;7.4;7.4;EC50;ChEMBL;503;8;1;8;4.8;Cc1nc(-c2ccc(C(F)(F)F)cc2)sc1COc1ccc([C@H](CC(=O)O)c2nnnn2C)cc1
CHEMBL3287574;111098;Smallmolecule;None;-;0;Human;16;Binding;2;7.4;7.4;7.4;EC50;ChEMBL;488;8;1;6;6.3;Cc1nc(-c2ccc(C(F)(F)F)cc2)sc1COc1ccc([C@H](CC(=O)O)c2ccon2)cc1
CHEMBL3287575;111099;Smallmolecule;None;-;0;Human;0;Binding;1;7.2;7.2;7.2;EC50;ChEMBL;488;8;1;6;6.3;Cc1nc(-c2ccc(C(F)(F)F)cc2)sc1COc1ccc([C@H](CC(=O)O)c2ncco2)cc1
CHEMBL3287576;111100;Smallmolecule;None;-;0;Human;0;Binding;2;7.2;7.2;7.2;EC50;ChEMBL;488;8;1;6;6.3;Cc1nc(-c2ccc(C(F)(F)F)cc2)sc1COc1ccc([C@H](CC(=O)O)c2cnco2)cc1
CHEMBL3330547;113545;Smallmolecule;None;-;0;Human;0;Binding;2;6.3;6.8;7.4;EC50;ChEMBL;335;5;1;5;3.7;Cc1ccccc1Oc1ccc(N2N=C(C#N)CC2CC(=O)O)cc1
CHEMBL3330548;113546;Smallmolecule;None;-;0;Human;0;Binding;2;6.5;6.6;6.7;EC50;ChEMBL;484;7;1;5;6.4;COc1cccc(-c2ccc(Oc3ccc(N4N=C(C(F)(F)F)CC4CC(=O)O)cc3)c(C)c2)c1
CHEMBL3330549;113547;Smallmolecule;None;-;0;Human;0;Binding;2;5.9;6.8;7.7;EC50;ChEMBL;528;8;1;4;7.0;CCC1C(C(F)(F)F)=NN(c2ccc(Cc3ccc(-c4cc(OC)ccc4F)cc3C)cc2)C1CC(=O)O
CHEMBL3330550;113549;Smallmolecule;None;-;0;Human;0;Binding;3;5.2;6.7;8.2;EC50;ChEMBL;522;8;1;4;7.1;COc1ccc(F)c(-c2ccc(Cc3ccc(N4N=C(c5ccccc5)C(C)C4CC(=O)O)cc3)c(C)c2)c1
CHEMBL4641652;176844;Smallmolecule;None;-;0;Human;0;Binding;1;6.3;6.3;6.3;EC50;ChEMBL;424;7;1;4;5.5;CC#CC(CC(=O)O)c1ccc(OCc2ccn3cc(-c4ccccc4C)nc3c2)cc1
CHEMBL3751968;136489;Smallmolecule;None;-;0;Human;0;Binding;1;6.2;6.2;6.2;EC50;ChEMBL;437;8;1;5;5.1;Cn1ccnc1[C@@H](CC(=O)O)c1ccc(OCc2cccc(-c3ccccc3C#N)c2)cc1
CHEMBL3752168;136509;Smallmolecule;None;-;0;Human;0;Binding;1;4.6;4.6;4.6;EC50;ChEMBL;490;9;1;6;4.7;Cn1ccnc1[C@@H](CC(=O)O)c1ccc(OCc2cccc(-c3ccccc3S(C)(=O)=O)c2)cc1
CHEMBL3752274;136520;Smallmolecule;None;-;0;Human;0;Binding;2;4.3;5.8;7.4;EC50;ChEMBL;446;8;1;4;5.9;Cn1ccnc1[C@@H](CC(=O)O)c1ccc(OCc2cccc(-c3ccccc3Cl)c2)cc1
CHEMBL3752487;136541;Smallmolecule;None;-;0;Human;0;Binding;2;4.5;5.8;7.2;EC50;ChEMBL;480;8;1;4;6.6;Cn1ccnc1[C@@H](CC(=O)O)c1ccc(OCc2cccc(-c3ccc(Cl)cc3Cl)c2)cc1
CHEMBL3752601;136551;Smallmolecule;None;-;0;Human;0;Binding;2;4.5;5.9;7.2;EC50;ChEMBL;440;8;1;4;5.9;Cc1cccc(C)c1-c1cccc(COc2ccc([C@H](CC(=O)O)c3nccn3C)cc2)c1
CHEMBL3752807;136573;Smallmolecule;None;-;0;Human;0;Binding;2;4.2;5.8;7.3;EC50;ChEMBL;440;9;1;4;5.8;CCc1ccccc1-c1cccc(COc2ccc([C@H](CC(=O)O)c3nccn3C)cc2)c1
CHEMBL3753188;136622;Smallmolecule;None;-;0;Human;0;Binding;2;5.0;6.0;7.0;EC50;ChEMBL;474;8;1;4;6.5;Cc1cc(Cl)ccc1-c1cc(COc2ccc([C@H](CC(=O)O)c3nccn3C)cc2)ccc1C
CHEMBL3753265;136632;Smallmolecule;None;-;0;Human;0;Binding;2;4.1;5.7;7.4;EC50;ChEMBL;426;8;1;4;5.6;Cc1ccccc1-c1cccc(COc2ccc([C@H](CC(=O)O)c3nccn3C)cc2)c1
CHEMBL3753362;136652;Smallmolecule;None;-;0;Human;0;Binding;2;4.6;5.6;6.6;EC50;ChEMBL;474;8;1;4;6.5;Cc1cc(Cl)ccc1-c1cccc(COc2ccc([C@H](CC(=O)O)c3nccn3C)cc2)c1C
CHEMBL3753533;136670;Smallmolecule;None;-;0;Human;0;Binding;2;4.4;5.9;7.4;EC50;ChEMBL;444;8;1;4;5.7;Cc1ccc(F)cc1-c1cccc(COc2ccc([C@H](CC(=O)O)c3nccn3C)cc2)c1
CHEMBL3753790;136702;Smallmolecule;None;-;0;Human;0;Binding;1;6.4;6.4;6.4;EC50;ChEMBL;442;9;1;5;5.3;COc1ccccc1-c1cccc(COc2ccc([C@H](CC(=O)O)c3nccn3C)cc2)c1
CHEMBL3754173;136750;Smallmolecule;None;-;0;Human;0;Binding;2;4.2;5.6;7.0;EC50;ChEMBL;496;9;1;5;6.2;Cn1ccnc1[C@@H](CC(=O)O)c1ccc(OCc2cccc(-c3ccccc3OC(F)(F)F)c2)cc1
CHEMBL3754524;136787;Smallmolecule;None;-;0;Human;0;Binding;1;6.1;6.1;6.1;EC50;ChEMBL;442;9;1;5;5.3;COc1cccc(-c2cccc(COc3ccc([C@H](CC(=O)O)c4nccn4C)cc3)c2)c1
CHEMBL3754659;136798;Smallmolecule;None;-;0;Human;0;Binding;2;4.7;6.0;7.2;EC50;ChEMBL;444;8;1;4;5.7;Cc1cc(F)ccc1-c1cccc(COc2ccc([C@H](CC(=O)O)c3nccn3C)cc2)c1
CHEMBL3754670;136801;Smallmolecule;None;-;0;Human;0;Binding;1;6.4;6.4;6.4;EC50;ChEMBL;442;9;1;5;5.3;COc1ccc(-c2cccc(COc3ccc([C@H](CC(=O)O)c4nccn4C)cc3)c2)cc1
CHEMBL3754682;136803;Smallmolecule;None;-;0;Human;0;Binding;2;4.7;5.9;7.2;EC50;ChEMBL;460;8;1;4;6.2;Cc1c(Cl)cccc1-c1cccc(COc2ccc([C@H](CC(=O)O)c3nccn3C)cc2)c1
CHEMBL3781162;138045;Smallmolecule;None;-;0;Human;0;Binding;2;7.0;7.0;7.0;EC50;ChEMBL;415;6;1;5;5.3;Cc1nc(-c2ccc(Cl)cc2)sc1COc1ccc2c(c1)OCC2CC(=O)O
CHEMBL3752026;136496;Smallmolecule;None;-;0;Human;0;Binding;1;6.9;6.9;6.9;EC50;ChEMBL;483;8;1;4;7.0;O=C(O)CC(c1ccc(OCc2cccc(-c3ccc(C(F)(F)F)cc3)c2)cc1)c1nccs1
CHEMBL3752303;136523;Smallmolecule;None;-;0;Human;0;Binding;1;6.5;6.5;6.5;EC50;ChEMBL;476;8;1;2;7.6;O=C(O)CC(c1ccccc1)c1ccc(OCc2cccc(-c3ccc(C(F)(F)F)cc3)c2)cc1
CHEMBL3752557;136548;Smallmolecule;None;-;0;Human;0;Binding;1;6.7;6.7;6.7;EC50;ChEMBL;477;8;1;3;7.0;O=C(O)CC(c1ccncc1)c1ccc(OCc2cccc(-c3ccc(C(F)(F)F)cc3)c2)cc1
CHEMBL3753057;136603;Smallmolecule;None;-;0;Human;0;Binding;1;6.4;6.4;6.4;EC50;ChEMBL;477;8;1;3;7.0;O=C(O)CC(c1ccc(OCc2cccc(-c3ccc(C(F)(F)F)cc3)c2)cc1)c1cccnc1
CHEMBL3753088;136609;Smallmolecule;None;-;0;Human;0;Binding;1;6.7;6.7;6.7;EC50;ChEMBL;482;8;1;3;7.6;O=C(O)CC(c1ccc(OCc2cccc(-c3ccc(C(F)(F)F)cc3)c2)cc1)c1cccs1
CHEMBL3753980;136724;Smallmolecule;None;-;0;Human;0;Binding;1;6.5;6.5;6.5;EC50;ChEMBL;477;8;1;3;7.0;O=C(O)CC(c1ccc(OCc2cccc(-c3ccc(C(F)(F)F)cc3)c2)cc1)c1ccccn1
CHEMBL3754486;136784;Smallmolecule;None;-;0;Human;0;Binding;1;6.9;6.9;6.9;EC50;ChEMBL;480;8;1;4;6.3;Cn1ccnc1C(CC(=O)O)c1ccc(OCc2cccc(-c3ccc(C(F)(F)F)cc3)c2)cc1
CHEMBL3758511;136898;Smallmolecule;None;-;0;Human;0;Binding;1;5.2;5.2;5.2;IC50;ChEMBL;415;10;1;6;4.2;CCOC(=O)CCCCCOc1ccc2cc(CC3SC(=O)NC3=O)ccc2c1
CHEMBL3780334;137976;Smallmolecule;None;-;0;Human;0;Binding;2;7.0;7.0;7.0;EC50;ChEMBL;395;6;1;5;5.0;Cc1ccc(-c2nc(C)c(COc3ccc4c(c3)OCC4CC(=O)O)s2)cc1
CHEMBL448569;171742;Smallmolecule;None;-;0;Human;0;Binding;1;5.1;5.1;5.1;IC50;ChEMBL;229;7;1;3;3.1;CCCCCCCCC1SC(=O)NC1=O
CHEMBL3780211;137967;Smallmolecule;None;-;0;Human;0;Binding;2;7.0;7.0;7.0;EC50;ChEMBL;449;6;1;5;5.7;Cc1nc(-c2ccc(C(F)(F)F)cc2)sc1COc1ccc2c(c1)OCC2CC(=O)O
CHEMBL3781477;138070;Smallmolecule;None;-;0;Human;0;Binding;2;7.1;7.1;7.1;EC50;ChEMBL;399;6;1;5;4.8;Cc1nc(-c2ccc(F)cc2)sc1COc1ccc2c(c1)OCC2CC(=O)O
CHEMBL3781779;138090;Smallmolecule;None;-;0;Human;0;Binding;2;6.8;6.8;6.8;EC50;ChEMBL;411;7;1;6;4.7;COc1ccc(-c2nc(C)c(COc3ccc4c(c3)OCC4CC(=O)O)s2)cc1
lauricacid;2160;Smallmolecule;None;-;1;Human;87;Binding;4;5.1;5.1;5.1;EC50;ChEMBL;200;10;1;1;4.0;CCCCCCCCCCCC(=O)O
CHEMBL3817889;139950;Smallmolecule;None;-;1;Human;0;Binding;3;8.1;8.3;8.4;Kd;ChEMBL;630;16;2;10;6.3;Cc1cc(OCCOCCNc2ccc([N+](=O)[O-])c3nonc23)ccc1-c1cccc(COc2ccc(CCC(=O)O)c(F)c2)c1
CHEMBL3894356;142191;Smallmolecule;None;-;0;Human;0;Binding;1;7.4;7.4;7.4;EC50;ChEMBL;433;10;1;4;5.5;CC#C[C@@H](CC(=O)O)c1ccc(OCc2cccc(CN(C)Cc3ccsc3)c2)cc1
CHEMBL3895442;142317;Smallmolecule;None;-;0;Human;0;Binding;1;7.8;7.8;7.8;EC50;ChEMBL;473;12;1;4;6.3;CC#C[C@@H](CC(=O)O)c1ccc(OCc2cccc(CN(Cc3ccsc3)CC3CC3)c2)cc1
CHEMBL3904378;143427;Smallmolecule;None;-;0;Human;0;Binding;1;8.9;8.8;8.9;EC50;ChEMBL;475;12;1;4;6.6;CC#C[C@@H](CC(=O)O)c1ccc(OCc2cccc(CN(Cc3ccsc3)CC(C)C)c2)cc1
CHEMBL3905435;143547;Smallmolecule;None;-;0;Human;0;Binding;1;6.9;6.8;6.9;EC50;ChEMBL;516;11;1;5;6.0;CC#C[C@@H](CC(=O)O)c1ccc(OCc2cccc(CN(Cc3ccsc3)C3CCN(C)CC3)c2)cc1
CHEMBL3913383;144552;Smallmolecule;None;-;0;Human;0;Binding;1;8.1;8.1;8.1;EC50;ChEMBL;477;13;1;5;5.6;CC#C[C@@H](CC(=O)O)c1ccc(OCc2cccc(CN(CCOC)Cc3ccsc3)c2)cc1
CHEMBL4642324;176901;Smallmolecule;None;-;0;Human;0;Binding;1;7.2;7.2;7.2;EC50;ChEMBL;540;7;1;7;5.3;COc1cc(N2CCC(Oc3ccc(N4N=C(C(F)(F)F)[C@@H](C)C4CC(=O)O)cc3)C(C)C2)c(Cl)cn1
CHEMBL3914418;144687;Smallmolecule;None;-;0;Human;0;Binding;1;8.1;8.1;8.1;EC50;ChEMBL;519;11;1;5;6.8;CC#C[C@@H](CC(=O)O)c1ccc(OCc2cccc(CN(Cc3ccsc3)C3CCSCC3)c2)cc1
CHEMBL3914686;144719;Smallmolecule;None;-;0;Human;0;Binding;1;8.1;8.1;8.1;EC50;ChEMBL;503;11;1;5;6.1;CC#C[C@@H](CC(=O)O)c1ccc(OCc2cccc(CN(Cc3ccsc3)C3CCOCC3)c2)cc1
CHEMBL3915620;144838;Smallmolecule;None;-;1;Human;2;Binding;10;6.6;7.3;8.1;EC50;ChEMBL;491;8;1;3;6.4;CC#C[C@@H](CC(=O)O)c1ccc(OCc2ccc(CN3CCC4(C=Cc5ccccc54)CC3)cc2)cc1
CHEMBL3915620;144838;Smallmolecule;None;-;1;Human;2;Binding;10;8.3;8.3;8.3;Ki;ChEMBL;491;8;1;3;6.4;CC#C[C@@H](CC(=O)O)c1ccc(OCc2ccc(CN3CCC4(C=Cc5ccccc54)CC3)cc2)cc1
CHEMBL3915620;144838;Smallmolecule;None;-;1;Human;2;Binding;10;8.6;8.6;8.6;Kd;ChEMBL;491;8;1;3;6.4;CC#C[C@@H](CC(=O)O)c1ccc(OCc2ccc(CN3CCC4(C=Cc5ccccc54)CC3)cc2)cc1
CHEMBL3922381;145713;Smallmolecule;None;-;0;Human;0;Binding;1;9.1;9.1;9.1;EC50;ChEMBL;501;11;1;4;6.5;CC#C[C@@H](CC(=O)O)c1ccc(OCc2cccc(CN(Cc3ccsc3)CC(F)(F)F)c2)cc1
CHEMBL3923431;145856;Smallmolecule;None;-;0;Human;0;Binding;1;8.7;8.7;8.7;EC50;ChEMBL;501;11;1;4;7.2;CC#C[C@@H](CC(=O)O)c1ccc(OCc2cccc(CN(Cc3ccsc3)C3CCCCC3)c2)cc1
CHEMBL3931296;146840;Smallmolecule;None;-;0;Human;0;Binding;1;6.9;6.9;6.9;EC50;ChEMBL;419;10;2;4;5.2;CC#C[C@@H](CC(=O)O)c1ccc(OCc2cccc(CNCc3ccsc3)c2)cc1
CHEMBL3933446;147118;Smallmolecule;None;-;0;Human;0;Binding;1;7.8;7.8;7.8;EC50;ChEMBL;551;11;1;6;5.5;CC#C[C@@H](CC(=O)O)c1ccc(OCc2cccc(CN(Cc3ccsc3)C3CCS(=O)(=O)CC3)c2)cc1
CHEMBL3951157;149337;Smallmolecule;None;-;0;Human;0;Binding;1;8.3;8.3;8.3;EC50;ChEMBL;487;11;1;4;6.9;CC#C[C@@H](CC(=O)O)c1ccc(OCc2cccc(CN(Cc3ccsc3)C3CCCC3)c2)cc1
CHEMBL3957744;150146;Smallmolecule;None;-;0;Human;0;Binding;1;7.9;7.9;7.9;EC50;ChEMBL;463;12;2;5;4.9;CC#C[C@@H](CC(=O)O)c1ccc(OCc2cccc(CN(CCO)Cc3ccsc3)c2)cc1
CHEMBL3966739;151205;Smallmolecule;None;-;0;Human;0;Binding;1;8.7;8.7;8.7;EC50;ChEMBL;459;11;1;4;6.1;CC#C[C@@H](CC(=O)O)c1ccc(OCc2cccc(CN(Cc3ccsc3)C3CC3)c2)cc1
CHEMBL3975239;152201;Smallmolecule;None;-;0;Human;0;Binding;3;8.1;8.1;8.1;EC50;ChEMBL;461;11;1;4;6.3;CC#C[C@@H](CC(=O)O)c1ccc(OCc2cccc(CN(Cc3ccsc3)C(C)C)c2)cc1
CHEMBL3889768;141628;Smallmolecule;None;-;0;Human;0;Binding;1;8.7;8.7;8.7;EC50;ChEMBL;515;12;1;5;7.2;CC#C[C@@H](CC(=O)O)c1ccc(OCc2cccc(CN(Cc3ccsc3)Cc3ccsc3)c2)cc1
CHEMBL3893141;142059;Smallmolecule;None;-;0;Human;0;Binding;1;8.0;8.0;8.0;EC50;ChEMBL;523;12;1;5;5.4;CC#C[C@@H](CC(=O)O)c1ccc(OCc2cccc(CN(Cc3ccsc3)S(=O)(=O)C3CC3)c2)cc1
CHEMBL3896509;142453;Smallmolecule;None;-;0;Human;0;Binding;1;8.7;8.7;8.7;EC50;ChEMBL;510;12;1;5;6.5;CC#C[C@@H](CC(=O)O)c1ccc(OCc2cccc(CN(Cc3ccncc3)Cc3ccsc3)c2)cc1
CHEMBL3918387;145206;Smallmolecule;None;-;0;Human;0;Binding;1;8.2;8.2;8.2;EC50;ChEMBL;511;12;1;5;5.3;CC#C[C@@H](CC(=O)O)c1ccc(OCc2cccc(CN(Cc3ccsc3)S(=O)(=O)CC)c2)cc1
CHEMBL3924534;146000;Smallmolecule;None;-;0;Human;0;Binding;1;8.4;8.4;8.4;EC50;ChEMBL;509;12;1;4;7.1;CC#C[C@@H](CC(=O)O)c1ccc(OCc2cccc(CN(Cc3ccccc3)Cc3ccsc3)c2)cc1
CHEMBL3927519;146345;Smallmolecule;None;-;1;Human;5;Binding;4;7.8;7.8;7.8;Ki;ChEMBL;439;7;1;5;5.2;CC#C[C@@H](CC(=O)O)c1ccc(OCc2ccc3nc(-c4c(C)cccc4C)nn3c2)cc1
CHEMBL3927519;146345;Smallmolecule;None;-;1;Human;5;Binding;4;7.0;7.0;7.0;EC50;ChEMBL;439;7;1;5;5.2;CC#C[C@@H](CC(=O)O)c1ccc(OCc2ccc3nc(-c4c(C)cccc4C)nn3c2)cc1
CHEMBL3955132;149812;Smallmolecule;None;-;1;Human;15;Binding;4;7.6;7.6;7.6;Ki;ChEMBL;475;9;1;5;5.9;CC#C[C@@H](CC(=O)O)c1ccc(OCc2ccc(CN3CCCc4cccc(OC)c43)s2)cc1
CHEMBL3955132;149812;Smallmolecule;None;-;1;Human;15;Binding;4;8.2;8.2;8.2;EC50;ChEMBL;475;9;1;5;5.9;CC#C[C@@H](CC(=O)O)c1ccc(OCc2ccc(CN3CCCc4cccc(OC)c43)s2)cc1
CHEMBL3923877;145909;Smallmolecule;None;-;0;Human;0;Binding;1;8.4;8.4;8.4;EC50;ChEMBL;406;5;3;3;4.1;CC#C[C@@H](CC(=O)O)c1ccc(NC(=O)C(=O)Nc2cccc(C(C)(C)C)c2)cc1
CHEMBL4059614;155007;Smallmolecule;None;-;1;Human;0;Binding;3;6.4;6.3;6.4;EC50;ChEMBL;436;7;1;6;4.4;CC#C[C@@H](CC(=O)O)c1ccc(OCc2ccc3nc(-c4ccc(C#N)cc4)nn3c2)cc1
CHEMBL4059614;155007;Smallmolecule;None;-;1;Human;0;Binding;3;7.5;7.5;7.5;Ki;ChEMBL;436;7;1;6;4.4;CC#C[C@@H](CC(=O)O)c1ccc(OCc2ccc3nc(-c4ccc(C#N)cc4)nn3c2)cc1
CHEMBL4075819;156400;Smallmolecule;None;-;1;Human;0;Binding;3;5.8;5.8;5.8;EC50;ChEMBL;575;12;1;8;5.0;CC#C[C@@H](CC(=O)O)c1ccc(OCc2ccc3nc(-c4c(C)cc(OCCCS(C)(=O)=O)cc4C)nn3c2)cc1
CHEMBL4075819;156400;Smallmolecule;None;-;1;Human;0;Binding;3;7.2;7.2;7.2;Ki;ChEMBL;575;12;1;8;5.0;CC#C[C@@H](CC(=O)O)c1ccc(OCc2ccc3nc(-c4c(C)cc(OCCCS(C)(=O)=O)cc4C)nn3c2)cc1
CHEMBL4082711;156971;Smallmolecule;None;-;1;Human;0;Binding;3;7.2;7.2;7.2;EC50;ChEMBL;453;8;1;5;5.7;CC#C[C@@H](CC(=O)O)c1ccc(OCc2ccc3nc(-c4ccc(C(C)C)cc4)nn3c2)cc1
CHEMBL4082711;156971;Smallmolecule;None;-;1;Human;0;Binding;3;7.5;7.5;7.5;Ki;ChEMBL;453;8;1;5;5.7;CC#C[C@@H](CC(=O)O)c1ccc(OCc2ccc3nc(-c4ccc(C(C)C)cc4)nn3c2)cc1
CHEMBL4097527;158301;Smallmolecule;None;-;1;Human;0;Binding;3;6.8;6.8;6.8;EC50;ChEMBL;477;9;1;6;5.2;CC#C[C@@H](CC(=O)O)c1ccc(OCc2ccc3nc(-c4ccc(OC(F)F)cc4)nn3c2)cc1
CHEMBL4097527;158301;Smallmolecule;None;-;1;Human;0;Binding;3;7.2;7.2;7.2;Ki;ChEMBL;477;9;1;6;5.2;CC#C[C@@H](CC(=O)O)c1ccc(OCc2ccc3nc(-c4ccc(OC(F)F)cc4)nn3c2)cc1
CHEMBL4101472;158663;Smallmolecule;None;-;1;Human;0;Binding;3;6.5;6.5;6.5;EC50;ChEMBL;513;11;2;7;5.1;CC#C[C@@H](CC(=O)O)c1ccc(OCc2ccc3nc(-c4ccc(OCCC(C)(C)O)cc4)nn3c2)cc1
CHEMBL4101472;158663;Smallmolecule;None;-;1;Human;0;Binding;3;7.4;7.4;7.4;Ki;ChEMBL;513;11;2;7;5.1;CC#C[C@@H](CC(=O)O)c1ccc(OCc2ccc3nc(-c4ccc(OCCC(C)(C)O)cc4)nn3c2)cc1
CHEMBL4101901;158696;Smallmolecule;None;-;1;Human;0;Binding;2;8.1;8.1;8.1;Ki;ChEMBL;485;7;1;4;6.4;CC#C[C@@H](CC(=O)O)c1ccc(OCc2ccc(N3CCC4(CCc5ccccc54)CC3)s2)cc1
CHEMBL4061093;155153;Smallmolecule;None;-;1;Human;0;Binding;2;6.4;6.4;6.4;Ki;ChEMBL;323;5;1;2;4.3;Cc1ccccc1Cc1ccc(N2C[C@@H](C)C[C@H]2CC(=O)O)cc1
CHEMBL4089171;157519;Smallmolecule;None;-;1;Human;0;Binding;2;7.5;7.5;7.5;Ki;ChEMBL;379;5;1;3;5.0;Cc1ccccc1Oc1ccc(N2C[C@@H](C(F)(F)F)C[C@H]2CC(=O)O)cc1
CHEMBL4091552;157744;Smallmolecule;None;-;1;Human;0;Binding;2;5.8;5.8;5.8;Ki;ChEMBL;326;6;1;4;3.4;Cc1ccccc1COc1ccc(N2CCC[C@H]2CC(=O)O)cn1
CHEMBL4095599;158120;Smallmolecule;None;-;1;Human;0;Binding;2;6.5;6.5;6.5;Ki;ChEMBL;323;5;1;2;4.3;Cc1ccccc1Cc1ccc(N2CC[C@H](C)[C@H]2CC(=O)O)cc1
CHEMBL4096887;158245;Smallmolecule;None;-;1;Human;0;Binding;2;5.9;5.9;5.9;Ki;ChEMBL;309;5;1;2;4.0;Cc1ccccc1Cc1ccc(N2CCC[C@H]2CC(=O)O)cc1
CHEMBL4103729;158851;Smallmolecule;None;-;1;Human;0;Binding;2;6.1;6.0;6.1;Ki;ChEMBL;379;6;1;3;5.0;O=C(O)C[C@@H]1CCCN1c1ccc(OCc2ccc(Cl)cc2Cl)cc1
CHEMBL4063889;155378;Smallmolecule;None;-;1;Human;0;Binding;2;5.1;5.0;5.1;Ki;ChEMBL;341;6;1;4;3.9;CO[C@H]1C[C@@H](CC(=O)O)N(c2ccc(Oc3ccccc3C)cc2)C1
CHEMBL4067052;155656;Smallmolecule;None;-;1;Human;0;Binding;2;5.9;5.9;5.9;Ki;ChEMBL;315;5;1;3;4.1;O=C(O)C[C@@H]1CCCN1c1ccc(Oc2ccccc2F)cc1
CHEMBL4082395;156950;Smallmolecule;None;-;1;Human;0;Binding;3;7.4;7.3;7.4;Ki;ChEMBL;501;7;1;3;6.6;COc1ccc(F)c(-c2ccc(Cc3ccc(N4C[C@@H](C(F)(F)F)C[C@H]4CC(=O)O)cc3)c(C)c2)c1
CHEMBL4090240;157617;Smallmolecule;None;-;1;Human;0;Binding;2;7.2;7.2;7.2;Ki;ChEMBL;393;5;1;3;5.3;Cc1cccc(Oc2ccc(N3C[C@@H](C(F)(F)F)C[C@H]3CC(=O)O)cc2)c1C
CHEMBL4090766;157670;Smallmolecule;None;-;1;Human;0;Binding;2;6.8;6.8;6.8;Ki;ChEMBL;327;5;1;2;4.0;Cc1ccccc1Cc1ccc(N2C[C@@H](F)C[C@H]2CC(=O)O)cc1
CHEMBL4071899;156084;Smallmolecule;None;-;1;Human;0;Binding;2;6.5;6.5;6.5;Ki;ChEMBL;433;7;1;3;5.8;COc1ccc(F)c(-c2ccc(Cc3ccc(N4CCC[C@H]4CC(=O)O)cc3)c(C)c2)c1
CHEMBL4642543;176919;Smallmolecule;None;-;0;Human;0;Binding;1;6.6;6.6;6.6;EC50;ChEMBL;454;9;1;5;5.6;CC#CC(CC(=O)O)c1ccc(OCc2ccn3cc(-c4ccccc4OCC)nc3c2)cc1
CHEMBL4642960;176948;Smallmolecule;None;-;0;Human;0;Binding;1;6.1;6.1;6.1;EC50;ChEMBL;446;7;1;4;5.4;CC#CC(CC(=O)O)c1ccc(OCc2ccn3cc(-c4ccc(F)cc4F)nc3c2)cc1
TUG-891;3664;Smallmolecule;None;-;0;Human;52;Binding;5;4.5;4.5;4.5;EC50;ChEMBL;364;7;1;2;5.4;OC(=O)CCc1ccc(cc1)OCc1cc(F)ccc1c1ccc(cc1)C
CHEMBL4210871;163400;Smallmolecule;None;-;0;Human;0;Binding;2;6.6;6.6;6.6;EC50;ChEMBL;421;7;1;6;3.7;Cc1nc(-c2ccc(F)cc2)sc1COc1ccc(S(=O)(=O)CC(=O)O)cc1
CHEMBL4644067;177015;Smallmolecule;None;-;0;Human;0;Binding;1;6.2;6.2;6.2;EC50;ChEMBL;438;8;1;4;5.7;CC#CC(CC(=O)O)c1ccc(OCc2ccn3cc(-c4ccc(CC)cc4)nc3c2)cc1
CHEMBL4210415;163363;Smallmolecule;None;-;0;Human;0;Binding;2;6.4;6.4;6.4;EC50;ChEMBL;403;7;1;6;3.6;Cc1nc(-c2ccccc2)sc1COc1ccc(S(=O)(=O)CC(=O)O)cc1
CHEMBL4644239;177032;Smallmolecule;None;-;0;Human;0;Binding;1;5.8;5.8;5.8;EC50;ChEMBL;424;7;1;4;5.5;CC#CC(CC(=O)O)c1ccc(OCc2ccn3cc(-c4cccc(C)c4)nc3c2)cc1
CHEMBL4645557;177115;Smallmolecule;None;-;0;Human;0;Binding;1;6.2;6.2;6.2;EC50;ChEMBL;452;8;1;4;6.3;CC#CC(CC(=O)O)c1ccc(OCc2ccn3cc(-c4ccc(C(C)C)cc4)nc3c2)cc1
CHEMBL4436948;168813;Smallmolecule;None;-;0;Human;0;Binding;1;6.4;6.4;6.4;EC50;ChEMBL;373;7;1;5;4.3;Cc1nc(-c2ccccc2)sc1COc1ccc(OCC(=O)O)c(F)c1
CHEMBL4457303;170262;Smallmolecule;None;-;0;Human;0;Binding;3;8.4;8.4;8.4;EC50;ChEMBL;458;9;1;3;6.5;COc1ccc(F)c([C@H]2CC[C@H](COc3cccc([C@H](C4CC4)[C@@](C)(F)C(=O)O)c3)CC2)c1
CHEMBL4591657;175289;Smallmolecule;None;-;0;Human;0;Binding;3;5.9;5.9;5.9;EC50;ChEMBL;426;9;1;3;6.2;COc1ccc(F)c([C@H]2CC[C@H](COc3cccc([C@@H](CC(=O)O)C4CC4)c3)CC2)c1
CHEMBL4579901;174774;Smallmolecule;None;-;0;Human;6;Binding;1;7.2;7.2;7.2;EC50;ChEMBL;449;6;1;5;5.7;Cc1nc(-c2ccc(C(F)(F)F)cc2)sc1COc1ccc2c(c1)OC[C@H]2CC(=O)O
CHEMBL288341;99532;Smallmolecule;None;-;0;Human;0;Binding;1;6.5;6.5;6.5;EC50;ChEMBL;421;7;1;4;5.7;Cc1nc(-c2ccc(C(F)(F)F)cc2)sc1COc1ccc(CCC(=O)O)cc1
CHEMBL3780725;138009;Smallmolecule;None;-;0;Human;0;Binding;1;7.0;7.0;7.0;EC50;ChEMBL;381;6;1;5;4.6;Cc1nc(-c2ccccc2)sc1COc1ccc2c(c1)OCC2CC(=O)O
CHEMBL4454699;170087;Smallmolecule;None;-;0;Human;0;Binding;1;5.9;5.9;5.9;EC50;ChEMBL;357;7;1;5;3.8;Cc1nc(-c2ccccc2)oc1COc1ccc(OCC(=O)O)c(F)c1
CHEMBL4456869;170224;Smallmolecule;None;-;0;Human;0;Binding;1;6.7;6.7;6.7;EC50;ChEMBL;391;7;1;5;4.4;Cc1nc(-c2cccc(F)c2)sc1COc1ccc(OCC(=O)O)c(F)c1
CHEMBL4463798;170678;Smallmolecule;None;-;0;Human;0;Binding;1;7.0;7.0;7.0;EC50;ChEMBL;391;7;1;5;4.4;Cc1nc(-c2ccc(F)cc2)sc1COc1ccc(OCC(=O)O)c(F)c1
CHEMBL4534812;172845;Smallmolecule;None;-;0;Human;0;Binding;1;6.8;6.8;6.8;EC50;ChEMBL;387;7;1;5;4.6;Cc1ccc(-c2nc(C)c(COc3ccc(OCC(=O)O)c(F)c3)s2)cc1
CHEMBL4573403;174486;Smallmolecule;None;-;0;Human;0;Binding;1;6.8;6.8;6.8;EC50;ChEMBL;441;7;1;5;5.3;Cc1nc(-c2ccc(C(F)(F)F)cc2)sc1COc1ccc(OCC(=O)O)c(F)c1
CHEMBL4581313;174833;Smallmolecule;None;-;0;Human;0;Binding;1;6.6;6.6;6.6;EC50;ChEMBL;387;7;1;5;4.6;Cc1cccc(-c2nc(C)c(COc3ccc(OCC(=O)O)c(F)c3)s2)c1
CHEMBL4594952;175435;Smallmolecule;None;-;0;Human;0;Binding;1;6.2;6.2;6.2;EC50;ChEMBL;353;7;1;4;4.7;Cc1nc(-c2ccccc2)sc1COc1ccc(CCC(=O)O)cc1
CHEMBL4598257;175852;Smallmolecule;None;-;0;Human;0;Binding;1;6.6;6.6;6.6;EC50;ChEMBL;371;7;1;4;4.9;Cc1nc(-c2ccc(F)cc2)sc1COc1ccc(CCC(=O)O)cc1
CHEMBL4633252;176274;Smallmolecule;None;-;0;Human;0;Binding;1;6.0;6.0;6.0;EC50;ChEMBL;410;7;1;4;5.2;CC#CC(CC(=O)O)c1ccc(OCc2ccc3nc(-c4ccccc4)cn3c2)cc1
CHEMBL4633473;176283;Smallmolecule;None;-;0;Human;0;Binding;1;6.2;6.2;6.2;EC50;ChEMBL;428;7;1;4;5.3;CC#CC(CC(=O)O)c1ccc(OCc2ccc3nc(-c4ccc(F)cc4)cn3c2)cc1
CHEMBL4633625;176292;Smallmolecule;None;-;0;Human;0;Binding;1;6.0;6.0;6.0;EC50;ChEMBL;424;7;1;4;5.5;CC#CC(CC(=O)O)c1ccc(OCc2ccc3nc(-c4cccc(C)c4)cn3c2)cc1
CHEMBL4633642;176295;Smallmolecule;None;-;0;Human;0;Binding;1;6.4;6.4;6.4;EC50;ChEMBL;492;8;1;4;7.2;CC#CC(CC(=O)O)c1ccc(OCc2ccc3nc(-c4ccc(C5CCCCC5)cc4)cn3c2)cc1
CHEMBL4633698;176300;Smallmolecule;None;-;0;Human;0;Binding;1;6.1;6.1;6.1;EC50;ChEMBL;281;6;1;3;3.2;N#Cc1ccccc1COc1ccc(CCC(=O)O)cc1
CHEMBL4635975;176428;Smallmolecule;None;-;0;Human;0;Binding;1;6.3;6.2;6.3;EC50;ChEMBL;478;7;1;4;6.2;CC#CC(CC(=O)O)c1ccc(OCc2ccc3nc(-c4ccc(C(F)(F)F)cc4)cn3c2)cc1
CHEMBL4636540;176470;Smallmolecule;None;-;0;Human;0;Binding;1;6.3;6.3;6.3;EC50;ChEMBL;452;8;1;4;6.3;CC#CC(CC(=O)O)c1ccc(OCc2ccc3nc(-c4ccc(C(C)C)cc4)cn3c2)cc1
CHEMBL4637214;176506;Smallmolecule;None;-;0;Human;0;Binding;1;6.1;6.1;6.1;EC50;ChEMBL;428;7;1;4;5.3;CC#CC(CC(=O)O)c1ccc(OCc2ccn3cc(-c4ccc(F)cc4)nc3c2)cc1
CHEMBL4637557;176530;Smallmolecule;None;-;0;Human;0;Binding;1;6.3;6.2;6.3;EC50;ChEMBL;492;8;1;4;7.2;CC#CC(CC(=O)O)c1ccc(OCc2ccn3cc(-c4ccc(C5CCCCC5)cc4)nc3c2)cc1
CHEMBL4638816;176628;Smallmolecule;None;-;0;Human;6;Binding;1;6.2;6.2;6.2;EC50;ChEMBL;306;6;1;2;4.4;O=C(O)CCc1ccc(OCc2cccc3ccccc23)cc1
CHEMBL4638956;176635;Smallmolecule;None;-;0;Human;2;Binding;1;7.3;7.3;7.3;EC50;ChEMBL;440;8;1;5;5.2;CC#CC(CC(=O)O)c1ccc(OCc2ccc3nc(-c4ccc(OC)cc4)cn3c2)cc1
CHEMBL4639050;176643;Smallmolecule;None;-;0;Human;0;Binding;1;6.8;6.8;6.8;EC50;ChEMBL;454;9;1;5;5.6;CC#CC(CC(=O)O)c1ccc(OCc2ccc3nc(-c4ccccc4OCC)cn3c2)cc1
CHEMBL4639121;176651;Smallmolecule;None;-;0;Human;0;Binding;1;6.3;6.3;6.3;EC50;ChEMBL;438;7;1;4;5.8;CC#CC(CC(=O)O)c1ccc(OCc2ccn3cc(-c4ccc(C)cc4C)nc3c2)cc1
CHEMBL4639182;176654;Smallmolecule;None;-;0;Human;0;Binding;1;6.5;6.5;6.5;EC50;ChEMBL;438;7;1;4;5.8;CC#CC(CC(=O)O)c1ccc(OCc2ccc3nc(-c4ccc(C)cc4C)cn3c2)cc1
CHEMBL4639658;176686;Smallmolecule;None;-;0;Human;0;Binding;1;6.2;6.2;6.2;EC50;ChEMBL;428;7;1;4;5.3;CC#CC(CC(=O)O)c1ccc(OCc2ccc3nc(-c4ccccc4F)cn3c2)cc1
CHEMBL4640818;176783;Smallmolecule;None;-;0;Human;0;Binding;1;6.2;6.2;6.2;EC50;ChEMBL;424;7;1;4;5.5;CC#CC(CC(=O)O)c1ccc(OCc2ccn3cc(-c4ccc(C)cc4)nc3c2)cc1
CHEMBL4645938;177138;Smallmolecule;None;-;0;Human;0;Binding;1;6.2;6.2;6.2;EC50;ChEMBL;446;7;1;4;5.4;CC#CC(CC(=O)O)c1ccc(OCc2ccn3cc(-c4cc(F)ccc4F)nc3c2)cc1
CHEMBL4645989;177147;Smallmolecule;None;-;0;Human;0;Binding;1;6.3;6.3;6.3;EC50;ChEMBL;424;7;1;4;5.5;CC#CC(CC(=O)O)c1ccc(OCc2ccc3nc(-c4ccc(C)cc4)cn3c2)cc1
CHEMBL4646212;177166;Smallmolecule;None;-;0;Human;0;Binding;1;6.3;6.3;6.3;EC50;ChEMBL;438;8;1;4;5.7;CC#CC(CC(=O)O)c1ccc(OCc2ccc3nc(-c4ccc(CC)cc4)cn3c2)cc1
CHEMBL4647211;177228;Smallmolecule;None;-;0;Human;0;Binding;1;5.9;5.9;5.9;EC50;ChEMBL;410;7;1;4;5.2;CC#CC(CC(=O)O)c1ccc(OCc2ccn3cc(-c4ccccc4)nc3c2)cc1
CHEMBL4647663;177256;Smallmolecule;None;-;0;Human;0;Binding;1;6.2;6.2;6.2;EC50;ChEMBL;478;7;1;4;6.2;CC#CC(CC(=O)O)c1ccc(OCc2ccn3cc(-c4ccc(C(F)(F)F)cc4)nc3c2)cc1
CHEMBL4648853;177324;Smallmolecule;None;-;0;Human;0;Binding;1;6.4;6.4;6.4;EC50;ChEMBL;424;7;1;4;5.5;CC#CC(CC(=O)O)c1ccc(OCc2ccc3nc(-c4ccccc4C)cn3c2)cc1
CHEMBL1170012;10337;Smallmolecule;None;-;0;Human;37;Binding;1;4.3;4.3;4.3;EC50;ChEMBL;315;3;1;2;3.8;Cc1ccc(S(=O)(=O)Nc2cccc(C(F)(F)F)c2)cc1
CHEMBL4743323;178825;Smallmolecule;None;-;0;Human;0;Binding;1;4.5;4.5;4.5;EC50;ChEMBL;352;6;1;2;4.2;O=C(O)CCc1ccc(COc2cc(F)ccc2Br)cc1
CHEMBL4751137;179484;Smallmolecule;None;-;0;Human;0;Binding;1;4.5;4.5;4.5;EC50;ChEMBL;304;7;1;3;3.4;COc1ccc(F)cc1OCc1ccc(CCC(=O)O)cc1
CHEMBL4755578;179864;Smallmolecule;None;-;0;Human;0;Binding;1;4.7;4.7;4.7;EC50;ChEMBL;299;6;1;3;3.3;N#Cc1ccc(F)cc1OCc1ccc(CCC(=O)O)cc1
CHEMBL4758125;180098;Smallmolecule;None;-;0;Human;0;Binding;1;4.5;4.5;4.5;EC50;ChEMBL;394;3;2;3;3.9;Nc1ccc(NS(=O)(=O)c2ccc(Br)cc2)cc1C(F)(F)F
CHEMBL4799103;182628;Smallmolecule;None;-;0;Human;0;Binding;1;4.2;4.2;4.2;EC50;ChEMBL;372;3;2;3;4.4;CC(C)(C)c1ccc(S(=O)(=O)Nc2ccc(N)c(C(F)(F)F)c2)cc1
CHEMBL4780641;181169;Smallmolecule;None;-;1;Human;0;Binding;5;8.0;8.0;8.0;Ki;ChEMBL;508;8;1;4;5.8;CC#C[C@@H](CC(=O)O)c1ccc(OCc2ccc(CN3CCC4(CC3)CN(C)c3ccccc34)cc2)cc1
CHEMBL4780641;181169;Smallmolecule;None;-;1;Human;0;Binding;5;7.3;7.2;7.3;EC50;ChEMBL;508;8;1;4;5.8;CC#C[C@@H](CC(=O)O)c1ccc(OCc2ccc(CN3CCC4(CC3)CN(C)c3ccccc34)cc2)cc1
CHEMBL4780641;181169;Smallmolecule;None;-;1;Human;0;Binding;5;8.0;8.0;8.0;Kd;ChEMBL;508;8;1;4;5.8;CC#C[C@@H](CC(=O)O)c1ccc(OCc2ccc(CN3CCC4(CC3)CN(C)c3ccccc34)cc2)cc1
CHEMBL4781604;181248;Smallmolecule;None;-;1;Human;0;Binding;4;8.6;8.6;8.6;Ki;ChEMBL;521;9;1;4;6.4;CC#C[C@@H](CC(=O)O)c1ccc(OCc2ccc(CN3CCC4(C=Cc5ccccc54)CC3)c(OC)c2)cc1
CHEMBL4781604;181248;Smallmolecule;None;-;1;Human;0;Binding;4;8.0;8.0;8.0;EC50;ChEMBL;521;9;1;4;6.4;CC#C[C@@H](CC(=O)O)c1ccc(OCc2ccc(CN3CCC4(C=Cc5ccccc54)CC3)c(OC)c2)cc1
CHEMBL4782004;181273;Smallmolecule;None;-;1;Human;18;Binding;5;8.3;8.3;8.3;Ki;ChEMBL;497;8;1;4;6.5;CC#C[C@@H](CC(=O)O)c1ccc(OCc2ccc(CN3CCC4(C=Cc5ccccc54)CC3)s2)cc1
CHEMBL4782004;181273;Smallmolecule;None;-;1;Human;18;Binding;5;8.3;8.3;8.3;EC50;ChEMBL;497;8;1;4;6.5;CC#C[C@@H](CC(=O)O)c1ccc(OCc2ccc(CN3CCC4(C=Cc5ccccc54)CC3)s2)cc1
CHEMBL4782004;181273;Smallmolecule;None;-;1;Human;18;Binding;5;8.7;8.7;8.7;Kd;ChEMBL;497;8;1;4;6.5;CC#C[C@@H](CC(=O)O)c1ccc(OCc2ccc(CN3CCC4(C=Cc5ccccc54)CC3)s2)cc1
CHEMBL4783033;181369;Smallmolecule;None;-;1;Human;0;Binding;4;7.2;7.2;7.2;Ki;ChEMBL;512;8;1;5;6.2;CC#C[C@@H](CC(=O)O)c1ccc(OCc2nc(C)c(CN3CCC4(C=Cc5ccccc54)CC3)s2)cc1
CHEMBL4783033;181369;Smallmolecule;None;-;1;Human;0;Binding;4;7.2;7.2;7.2;EC50;ChEMBL;512;8;1;5;6.2;CC#C[C@@H](CC(=O)O)c1ccc(OCc2nc(C)c(CN3CCC4(C=Cc5ccccc54)CC3)s2)cc1
CHEMBL4783190;181382;Smallmolecule;None;-;1;Human;0;Binding;5;7.2;7.2;7.2;Ki;ChEMBL;471;8;1;3;6.0;O=C(O)CCc1ccc(OCc2ccc(CN3CCC4(C=Cc5ccccc54)CC3)cc2)cc1F
CHEMBL4783190;181382;Smallmolecule;None;-;1;Human;0;Binding;5;6.5;6.5;6.5;EC50;ChEMBL;471;8;1;3;6.0;O=C(O)CCc1ccc(OCc2ccc(CN3CCC4(C=Cc5ccccc54)CC3)cc2)cc1F
CHEMBL4783190;181382;Smallmolecule;None;-;1;Human;0;Binding;5;7.2;7.2;7.2;Kd;ChEMBL;471;8;1;3;6.0;O=C(O)CCc1ccc(OCc2ccc(CN3CCC4(C=Cc5ccccc54)CC3)cc2)cc1F
CHEMBL4785057;181534;Smallmolecule;None;-;1;Human;0;Binding;4;8.5;8.5;8.5;Ki;ChEMBL;542;8;1;4;6.5;CC#C[C@@H](CC(=O)O)c1ccc(OCc2ccc(CN3CCC4(CC3)CN(C)c3c(Cl)cccc34)cc2)cc1
CHEMBL4785057;181534;Smallmolecule;None;-;1;Human;0;Binding;4;8.5;8.5;8.5;EC50;ChEMBL;542;8;1;4;6.5;CC#C[C@@H](CC(=O)O)c1ccc(OCc2ccc(CN3CCC4(CC3)CN(C)c3c(Cl)cccc34)cc2)cc1
CHEMBL4786299;181617;Smallmolecule;None;-;1;Human;0;Binding;4;6.4;6.4;6.4;Ki;ChEMBL;509;8;1;3;6.5;CC#C[C@H](CC(=O)O)c1ccc(OCc2ccc(CN3CCC4(C=Cc5ccccc54)CC3)cc2)cc1F
CHEMBL4786299;181617;Smallmolecule;None;-;1;Human;0;Binding;4;6.2;6.2;6.2;EC50;ChEMBL;509;8;1;3;6.5;CC#C[C@H](CC(=O)O)c1ccc(OCc2ccc(CN3CCC4(C=Cc5ccccc54)CC3)cc2)cc1F
CHEMBL4787010;181670;Smallmolecule;None;-;1;Human;0;Binding;4;9.0;9.0;9.0;Ki;ChEMBL;559;8;1;3;7.4;CC#C[C@@H](CC(=O)O)c1ccc(OCc2ccc(CN3CCC4(C=Cc5ccccc54)CC3)c(C(F)(F)F)c2)cc1
CHEMBL4787010;181670;Smallmolecule;None;-;1;Human;0;Binding;4;9.0;9.0;9.0;EC50;ChEMBL;559;8;1;3;7.4;CC#C[C@@H](CC(=O)O)c1ccc(OCc2ccc(CN3CCC4(C=Cc5ccccc54)CC3)c(C(F)(F)F)c2)cc1
CHEMBL4787628;181720;Smallmolecule;None;-;1;Human;0;Binding;4;7.9;7.9;7.9;Ki;ChEMBL;509;8;1;3;6.5;CC#C[C@@H](CC(=O)O)c1ccc(OCc2ccc(CN3CCC4(C=Cc5ccccc54)CC3)cc2)cc1F
CHEMBL4787628;181720;Smallmolecule;None;-;1;Human;0;Binding;4;7.4;7.4;7.4;EC50;ChEMBL;509;8;1;3;6.5;CC#C[C@@H](CC(=O)O)c1ccc(OCc2ccc(CN3CCC4(C=Cc5ccccc54)CC3)cc2)cc1F
CHEMBL4790921;181977;Smallmolecule;None;-;1;Human;0;Binding;4;6.9;6.9;6.9;Ki;ChEMBL;498;8;1;5;5.9;CC#C[C@@H](CC(=O)O)c1ccc(OCc2cnc(CN3CCC4(C=Cc5ccccc54)CC3)s2)cc1
CHEMBL4790921;181977;Smallmolecule;None;-;1;Human;0;Binding;4;6.8;6.8;6.8;EC50;ChEMBL;498;8;1;5;5.9;CC#C[C@@H](CC(=O)O)c1ccc(OCc2cnc(CN3CCC4(C=Cc5ccccc54)CC3)s2)cc1
CHEMBL4800563;182748;Smallmolecule;None;-;1;Human;0;Binding;4;8.4;8.4;8.4;Ki;ChEMBL;536;9;1;4;6.6;CC#C[C@@H](CC(=O)O)c1ccc(OCc2ccc(CN3CCC4(CC3)CN(C(C)C)c3ccccc34)cc2)cc1
CHEMBL4800563;182748;Smallmolecule;None;-;1;Human;0;Binding;4;8.1;8.1;8.1;EC50;ChEMBL;536;9;1;4;6.6;CC#C[C@@H](CC(=O)O)c1ccc(OCc2ccc(CN3CCC4(CC3)CN(C(C)C)c3ccccc34)cc2)cc1
CHEMBL4778264;180985;Smallmolecule;None;-;1;Human;0;Binding;5;7.1;7.1;7.1;Ki;ChEMBL;440;8;1;7;4.6;O=C(O)C[C@@H](c1ccc(OCc2ccc3nc(-c4ccccc4)nn3c2)cc1)c1ccon1
CHEMBL4778264;180985;Smallmolecule;None;-;1;Human;0;Binding;5;6.2;6.2;6.2;EC50;ChEMBL;440;8;1;7;4.6;O=C(O)C[C@@H](c1ccc(OCc2ccc3nc(-c4ccccc4)nn3c2)cc1)c1ccon1
CHEMBL4778264;180985;Smallmolecule;None;-;1;Human;0;Binding;5;7.4;7.4;7.4;Kd;ChEMBL;440;8;1;7;4.6;O=C(O)C[C@@H](c1ccc(OCc2ccc3nc(-c4ccccc4)nn3c2)cc1)c1ccon1
CHEMBL4784555;181507;Smallmolecule;None;-;1;Human;0;Binding;4;7.5;7.5;7.5;Ki;ChEMBL;538;9;1;5;5.8;CC#C[C@@H](CC(=O)O)c1ccc(OCc2ccc(CN3CCC4(CC3)CN(C)c3ccc(OC)cc34)cc2)cc1
CHEMBL4784555;181507;Smallmolecule;None;-;1;Human;0;Binding;4;7.0;7.0;7.0;EC50;ChEMBL;538;9;1;5;5.8;CC#C[C@@H](CC(=O)O)c1ccc(OCc2ccc(CN3CCC4(CC3)CN(C)c3ccc(OC)cc34)cc2)cc1
CHEMBL4786335;181623;Smallmolecule;None;-;1;Human;0;Binding;4;7.9;7.8;7.9;Ki;ChEMBL;522;8;1;4;6.1;CC#C[C@@H](CC(=O)O)c1ccc(OCc2ccc(CN3CCC4(CC3)CN(C)c3ccc(C)cc34)cc2)cc1
CHEMBL4786335;181623;Smallmolecule;None;-;1;Human;0;Binding;4;7.6;7.6;7.6;EC50;ChEMBL;522;8;1;4;6.1;CC#C[C@@H](CC(=O)O)c1ccc(OCc2ccc(CN3CCC4(CC3)CN(C)c3ccc(C)cc34)cc2)cc1
CHEMBL4787498;181711;Smallmolecule;None;-;1;Human;7;Binding;5;8.1;8.1;8.1;Ki;ChEMBL;499;8;1;4;6.4;CC#C[C@@H](CC(=O)O)c1ccc(OCc2ccc(CN3CCC4(CCc5ccccc54)CC3)s2)cc1
CHEMBL4787498;181711;Smallmolecule;None;-;1;Human;7;Binding;5;8.1;8.1;8.1;EC50;ChEMBL;499;8;1;4;6.4;CC#C[C@@H](CC(=O)O)c1ccc(OCc2ccc(CN3CCC4(CCc5ccccc54)CC3)s2)cc1
CHEMBL4787498;181711;Smallmolecule;None;-;1;Human;7;Binding;5;8.5;8.5;8.5;Kd;ChEMBL;499;8;1;4;6.4;CC#C[C@@H](CC(=O)O)c1ccc(OCc2ccc(CN3CCC4(CCc5ccccc54)CC3)s2)cc1
CHEMBL4788206;181761;Smallmolecule;None;-;1;Human;0;Binding;4;8.6;8.6;8.6;Ki;ChEMBL;576;8;1;4;6.9;CC#C[C@@H](CC(=O)O)c1ccc(OCc2ccc(CN3CCC4(CC3)CN(C)c3ccc(C(F)(F)F)cc34)cc2)cc1
CHEMBL4788206;181761;Smallmolecule;None;-;1;Human;0;Binding;4;8.5;8.5;8.5;EC50;ChEMBL;576;8;1;4;6.9;CC#C[C@@H](CC(=O)O)c1ccc(OCc2ccc(CN3CCC4(CC3)CN(C)c3ccc(C(F)(F)F)cc34)cc2)cc1
CHEMBL4799453;182649;Smallmolecule;None;-;1;Human;0;Binding;4;7.8;7.8;7.8;Ki;ChEMBL;523;8;1;5;5.8;CC#C[C@@H](CC(=O)O)c1ccc(OCc2ccc(CN3CCC4(CC3)CC(=O)c3ccccc3O4)cc2)cc1
CHEMBL4799453;182649;Smallmolecule;None;-;1;Human;0;Binding;4;7.6;7.6;7.6;EC50;ChEMBL;523;8;1;5;5.8;CC#C[C@@H](CC(=O)O)c1ccc(OCc2ccc(CN3CCC4(CC3)CC(=O)c3ccccc3O4)cc2)cc1
CHEMBL4792027;182049;Smallmolecule;None;-;1;Human;1;Binding;4;6.3;6.3;6.3;EC50;ChEMBL;491;8;1;3;6.4;CC#C[C@H](CC(=O)O)c1ccc(OCc2ccc(CN3CCC4(C=Cc5ccccc54)CC3)cc2)cc1
CHEMBL4792027;182049;Smallmolecule;None;-;1;Human;1;Binding;4;6.5;6.5;6.5;Ki;ChEMBL;491;8;1;3;6.4;CC#C[C@H](CC(=O)O)c1ccc(OCc2ccc(CN3CCC4(C=Cc5ccccc54)CC3)cc2)cc1
CHEMBL4791842;182040;Smallmolecule;None;-;1;Human;4;Binding;5;8.7;8.7;8.7;Kd;ChEMBL;493;8;1;3;6.3;CC#C[C@@H](CC(=O)O)c1ccc(OCc2ccc(CN3CCC4(CCc5ccccc54)CC3)cc2)cc1
CHEMBL4791842;182040;Smallmolecule;None;-;1;Human;4;Binding;5;8.0;8.0;8.0;EC50;ChEMBL;493;8;1;3;6.3;CC#C[C@@H](CC(=O)O)c1ccc(OCc2ccc(CN3CCC4(CCc5ccccc54)CC3)cc2)cc1
CHEMBL4791842;182040;Smallmolecule;None;-;1;Human;4;Binding;5;8.3;8.3;8.3;Ki;ChEMBL;493;8;1;3;6.3;CC#C[C@@H](CC(=O)O)c1ccc(OCc2ccc(CN3CCC4(CCc5ccccc54)CC3)cc2)cc1
CHEMBL2047151;75055;Smallmolecule;None;3;2;Human;0;Binding;2;7.7;7.7;7.7;Ki;ChEMBL;488;9;1;5;5.9;Cc1cc(OCC2(C)COC2)cc(C)c1-c1cccc(COc2ccc3c(c2)OCC3CC(=O)O)c1
CHEMBL2047152;75056;Smallmolecule;None;4;2;Human;0;Binding;2;7.6;7.6;7.6;Ki;ChEMBL;488;9;1;5;5.9;Cc1cc(OCC2(C)COC2)cc(C)c1-c1cccc(COc2ccc3c(c2)OC[C@H]3CC(=O)O)c1
CHEMBL2047153;75057;Smallmolecule;None;8;2;Human;0;Binding;2;6.6;6.6;6.6;Ki;ChEMBL;488;9;1;5;5.9;Cc1cc(OCC2(C)COC2)cc(C)c1-c1cccc(COc2ccc3c(c2)OC[C@@H]3CC(=O)O)c1
CHEMBL2047154;75058;Smallmolecule;None;2;2;Human;0;Binding;2;7.1;7.1;7.1;Ki;ChEMBL;536;8;1;6;5.5;Cc1cc(OC2CCS(=O)(=O)CC2)cc(C)c1-c1cccc(COc2ccc3c(c2)OCC3CC(=O)O)c1
CHEMBL2047155;75059;Smallmolecule;None;4;2;Human;0;Binding;2;7.4;7.4;7.4;Ki;ChEMBL;536;8;1;6;5.5;Cc1cc(OC2CCS(=O)(=O)CC2)cc(C)c1-c1cccc(COc2ccc3c(c2)OC[C@H]3CC(=O)O)c1
CHEMBL2047157;75061;Smallmolecule;None;7;2;Human;0;Binding;2;7.6;7.6;7.6;Ki;ChEMBL;566;9;2;7;4.8;Cc1cc(OCC2(O)CCS(=O)(=O)CC2)cc(C)c1-c1cccc(COc2ccc3c(c2)OC[C@H]3CC(=O)O)c1
CHEMBL2047158;75062;Smallmolecule;None;4;2;Human;0;Binding;2;7.4;7.4;7.4;Ki;ChEMBL;524;11;1;6;5.3;CCS(=O)(=O)CCOc1cc(C)c(-c2cccc(COc3ccc4c(c3)OC[C@H]4CC(=O)O)c2)c(C)c1
CHEMBL2047160;75064;Smallmolecule;None;5;2;Human;0;Binding;2;7.5;7.5;7.5;Ki;ChEMBL;529;11;1;5;5.9;Cc1cc(OCCCN2CCCC2=O)cc(C)c1-c1cccc(COc2ccc3c(c2)OC[C@H]3CC(=O)O)c1
CHEMBL2047163;75066;Smallmolecule;None;12;2;Human;0;Binding;2;7.8;7.8;7.8;Ki;ChEMBL;534;9;1;6;6.7;Cc1cc(OCc2cccc3nccn23)cc(C)c1-c1cccc(COc2ccc3c(c2)OC[C@H]3CC(=O)O)c1
CHEMBL2047164;75067;Smallmolecule;None;5;2;Human;0;Binding;2;8.0;8.0;8.0;Ki;ChEMBL;552;13;1;6;5.8;CCc1cc(OCCCS(C)(=O)=O)cc(CC)c1-c1cccc(COc2ccc3c(c2)OC[C@H]3CC(=O)O)c1
CHEMBL2047165;75068;Smallmolecule;None;10;2;Human;0;Binding;2;7.4;7.4;7.4;Ki;ChEMBL;564;8;1;6;6.1;Cc1c(C)c(-c2cccc(COc3ccc4c(c3)OC[C@H]4CC(=O)O)c2)c(C)c(C)c1OC1CCS(=O)(=O)CC1
CHEMBL2047166;75069;Smallmolecule;None;3;2;Human;0;Binding;2;7.5;7.5;7.5;Ki;ChEMBL;552;11;1;6;5.9;Cc1c(C)c(-c2cccc(COc3ccc4c(c3)OC[C@H]4CC(=O)O)c2)c(C)c(C)c1OCCCS(C)(=O)=O
CHEMBL2047167;75070;Smallmolecule;None;8;2;Human;0;Binding;2;7.5;7.5;7.5;Ki;ChEMBL;554;8;1;6;5.6;Cc1cc(OC2CCS(=O)(=O)CC2)c(F)c(C)c1-c1cccc(COc2ccc3c(c2)OC[C@H]3CC(=O)O)c1
CHEMBL2047168;75071;Smallmolecule;None;11;2;Human;0;Binding;2;7.8;7.8;7.8;Ki;ChEMBL;542;11;1;6;5.5;Cc1cc(OCCCS(C)(=O)=O)c(F)c(C)c1-c1cccc(COc2ccc3c(c2)OC[C@H]3CC(=O)O)c1
CHEMBL2047169;75072;Smallmolecule;None;5;2;Human;0;Binding;2;7.7;7.7;7.7;Ki;ChEMBL;558;11;1;6;6.0;Cc1cc(OCCCS(C)(=O)=O)c(Cl)c(C)c1-c1cccc(COc2ccc3c(c2)OC[C@H]3CC(=O)O)c1
CHEMBL2047170;75073;Smallmolecule;None;4;2;Human;0;Binding;2;7.9;7.9;7.9;Ki;ChEMBL;592;11;1;6;6.6;Cc1c(Cl)c(OCCCS(C)(=O)=O)c(Cl)c(C)c1-c1cccc(COc2ccc3c(c2)OC[C@H]3CC(=O)O)c1
CHEMBL2048611;75260;Smallmolecule;None;19;2;Human;0;Binding;1;6.3;6.3;6.3;Ki;ChEMBL;390;8;1;3;5.6;COc1ccc(-c2c(C)cccc2C)cc1COc1ccc(CCC(=O)O)cc1
CHEMBL2048612;75261;Smallmolecule;None;1;2;Human;0;Binding;1;7.0;7.0;7.0;Ki;ChEMBL;408;8;1;3;5.7;COc1cc(COc2ccc(CCC(=O)O)c(F)c2)cc(-c2c(C)cccc2C)c1
CHEMBL2048613;75262;Smallmolecule;None;1;2;Human;0;Binding;2;7.3;7.3;7.3;Ki;ChEMBL;390;8;1;3;5.6;COc1ccc(COc2ccc(CCC(=O)O)cc2)cc1-c1c(C)cccc1C
CHEMBL2048614;75263;Smallmolecule;None;-4;2;Human;0;Binding;2;7.6;7.6;7.6;Ki;ChEMBL;390;8;1;3;5.6;COc1cc(C)c(-c2cccc(COc3ccc(CCC(=O)O)cc3)c2)c(C)c1
CHEMBL2048615;75264;Smallmolecule;None;-2;2;Human;0;Binding;2;7.8;7.8;7.8;Ki;ChEMBL;430;10;1;3;6.4;Cc1cc(OCC2CC2)cc(C)c1-c1cccc(COc2ccc(CCC(=O)O)cc2)c1
CHEMBL2048616;75265;Smallmolecule;None;-2;2;Human;0;Binding;2;7.8;7.8;7.8;Ki;ChEMBL;466;10;1;3;7.1;Cc1cc(OCc2ccccc2)cc(C)c1-c1cccc(COc2ccc(CCC(=O)O)cc2)c1
CHEMBL2048617;75266;Smallmolecule;None;-2;2;Human;0;Binding;2;7.6;7.6;7.6;Ki;ChEMBL;448;12;1;4;6.0;CCOCCOc1cc(C)c(-c2cccc(COc3ccc(CCC(=O)O)cc3)c2)c(C)c1
CHEMBL2048618;75267;Smallmolecule;None;-2;2;Human;0;Binding;2;7.9;7.9;7.9;Ki;ChEMBL;466;12;1;4;6.1;CCOCCOc1cc(C)c(-c2cccc(COc3ccc(CCC(=O)O)c(F)c3)c2)c(C)c1
CHEMBL2048619;75268;Smallmolecule;None;-2;2;Human;0;Binding;2;7.7;7.7;7.7;Ki;ChEMBL;478;9;1;4;6.3;Cc1cc(OC2CCOCC2)cc(C)c1-c1cccc(COc2ccc(CCC(=O)O)c(F)c2)c1
CHEMBL2048621;75269;Smallmolecule;None;-2;2;Human;0;Binding;2;7.7;7.7;7.7;Ki;ChEMBL;519;12;1;4;6.1;Cc1cc(OCCCN2CCCC2=O)cc(C)c1-c1cccc(COc2ccc(CCC(=O)O)c(F)c2)c1
CHEMBL2048622;75270;Smallmolecule;None;-3;2;Human;0;Binding;2;7.8;7.8;7.8;Ki;ChEMBL;514;12;1;5;5.5;CCS(=O)(=O)CCOc1cc(C)c(-c2cccc(COc3ccc(CCC(=O)O)c(F)c3)c2)c(C)c1
CHEMBL2048623;75271;Smallmolecule;None;-2;2;Human;0;Binding;2;7.8;7.8;7.8;Ki;ChEMBL;526;9;1;5;5.7;Cc1cc(OC2CCS(=O)(=O)CC2)cc(C)c1-c1cccc(COc2ccc(CCC(=O)O)c(F)c2)c1
CHEMBL2048624;75272;Smallmolecule;None;-2;2;Human;0;Binding;2;7.7;7.7;7.7;Ki;ChEMBL;556;10;2;6;5.0;Cc1cc(OCC2(O)CCS(=O)(=O)CC2)cc(C)c1-c1cccc(COc2ccc(CCC(=O)O)c(F)c2)c1
CHEMBL2048625;75273;Smallmolecule;None;-4;2;Human;0;Binding;2;7.7;7.7;7.7;Ki;ChEMBL;513;12;2;5;5.6;CCS(=O)(=O)CCOc1cc(C)c(-c2cccc(CNc3ccc(CCC(=O)O)c(F)c3)c2)c(C)c1
CHEMBL2048626;75274;Smallmolecule;None;-3;2;Human;0;Binding;2;7.8;7.8;7.8;Ki;ChEMBL;525;9;2;5;5.7;Cc1cc(OC2CCS(=O)(=O)CC2)cc(C)c1-c1cccc(CNc2ccc(CCC(=O)O)c(F)c2)c1
CHEMBL2048627;75275;Smallmolecule;None;-4;2;Human;1;Binding;2;7.7;7.7;7.7;Ki;ChEMBL;555;10;3;6;5.1;Cc1cc(OCC2(O)CCS(=O)(=O)CC2)cc(C)c1-c1cccc(CNc2ccc(CCC(=O)O)c(F)c2)c1
CHEMBL2385303;89655;Smallmolecule;None;-;0;Human;0;Binding;1;6.5;6.5;6.5;EC50;ChEMBL;540;7;1;3;8.4;COc1ccc(F)c(-c2ccc(COc3ccc4c(c3)[C@]3(CCC4)CC[C@H]3C(=O)O)cc2C2=CCCC2(C)C)c1
CHEMBL4060499;155099;Smallmolecule;None;-;1;Human;0;Binding;2;7.3;7.3;7.3;Ki;ChEMBL;517;8;1;4;6.8;COc1ccc(F)c(Cc2cccc(Oc3ccc(N4C[C@@H](C(F)(F)F)C[C@H]4CC(=O)O)cc3)c2C)c1
CHEMBL4069191;155841;Smallmolecule;None;-;1;Human;0;Binding;2;7.4;7.4;7.4;Ki;ChEMBL;409;6;1;4;5.0;COc1ccc(Oc2ccc(N3C[C@@H](C(F)(F)F)C[C@H]3CC(=O)O)cc2)c(C)c1
CHEMBL3921143;145549;Smallmolecule;None;-;0;Human;0;Binding;1;7.5;7.5;7.5;EC50;ChEMBL;461;10;1;4;5.5;CC#C[C@@H](CC(=O)O)c1ccc(OCc2cccc(CN(Cc3ccsc3)C(C)=O)c2)cc1
CHEMBL4069764;155894;Smallmolecule;None;-;1;Human;0;Binding;2;7.1;7.1;7.1;Ki;ChEMBL;377;5;1;2;4.8;Cc1ccccc1Cc1ccc(N2C[C@@H](C(F)(F)F)C[C@H]2CC(=O)O)cc1
CHEMBL4070703;155975;Smallmolecule;None;-;1;Human;0;Binding;2;5.2;5.2;5.2;Ki;ChEMBL;297;5;1;3;3.9;O=C(O)C[C@@H]1CCCN1c1ccc(Oc2ccccc2)cc1
CHEMBL4073525;156233;Smallmolecule;None;-;1;Human;0;Binding;2;8.0;8.0;8.0;Ki;ChEMBL;485;8;1;4;6.6;Cc1cc(OCc2ccccc2)ccc1Oc1ccc(N2C[C@@H](C(F)(F)F)C[C@H]2CC(=O)O)cc1
CHEMBL4075190;156354;Smallmolecule;None;-;1;Human;0;Binding;1;4.6;4.6;4.6;Ki;ChEMBL;323;5;1;2;4.4;Cc1ccccc1Cc1ccc(N2CCC[C@@]2(C)CC(=O)O)cc1
CHEMBL4077366;156529;Smallmolecule;None;-;1;Human;0;Binding;3;6.2;6.2;6.2;EC50;ChEMBL;485;11;1;7;4.6;CC#C[C@@H](CC(=O)O)c1ccc(OCc2ccc3nc(-c4ccc(OCCOC)cc4)nn3c2)cc1
CHEMBL4077366;156529;Smallmolecule;None;-;1;Human;0;Binding;3;7.0;7.0;7.0;Ki;ChEMBL;485;11;1;7;4.6;CC#C[C@@H](CC(=O)O)c1ccc(OCc2ccc3nc(-c4ccc(OCCOC)cc4)nn3c2)cc1
CHEMBL4078852;156641;Smallmolecule;None;-;1;Human;0;Binding;2;5.4;5.4;5.4;Ki;ChEMBL;311;5;1;3;4.2;Cc1ccccc1Oc1ccc(N2CCC[C@H]2CC(=O)O)cc1
CHEMBL4079930;156730;Smallmolecule;None;-;1;Human;0;Binding;2;7.9;7.9;7.9;Ki;ChEMBL;413;5;1;3;5.7;Cc1c(Cl)cccc1Oc1ccc(N2C[C@@H](C(F)(F)F)C[C@H]2CC(=O)O)cc1
CHEMBL4642297;176894;Smallmolecule;None;-;0;Human;0;Binding;1;6.2;6.2;6.2;EC50;ChEMBL;428;7;1;4;5.3;CC#CC(CC(=O)O)c1ccc(OCc2ccn3cc(-c4ccccc4F)nc3c2)cc1
CHEMBL4648621;177314;Smallmolecule;None;-;0;Human;0;Binding;1;6.1;6.1;6.1;EC50;ChEMBL;446;7;1;4;5.4;CC#CC(CC(=O)O)c1ccc(OCc2ccc3nc(-c4ccc(F)cc4F)cn3c2)cc1
CHEMBL4747554;179202;Smallmolecule;None;-;0;Human;0;Binding;1;4.7;4.7;4.7;EC50;ChEMBL;288;6;1;2;3.7;Cc1ccc(F)cc1OCc1ccc(CCC(=O)O)cc1
CHEMBL4792075;182050;Smallmolecule;None;-;1;Human;0;Binding;4;7.2;7.2;7.2;EC50;ChEMBL;481;8;1;4;6.0;CC#C[C@@H](CC(=O)O)c1ccc(OCc2ccc(CN3CCC4(C=Cc5ccccc54)CC3)o2)cc1
CHEMBL4792075;182050;Smallmolecule;None;-;1;Human;0;Binding;4;7.7;7.7;7.7;Ki;ChEMBL;481;8;1;4;6.0;CC#C[C@@H](CC(=O)O)c1ccc(OCc2ccc(CN3CCC4(C=Cc5ccccc54)CC3)o2)cc1
CHEMBL4793371;182149;Smallmolecule;None;-;1;Human;0;Binding;4;8.8;8.8;8.8;EC50;ChEMBL;505;8;1;3;6.7;CC#C[C@@H](CC(=O)O)c1ccc(OCc2ccc(CN3CCC4(C=Cc5ccccc54)CC3)c(C)c2)cc1
CHEMBL4793371;182149;Smallmolecule;None;-;1;Human;0;Binding;4;8.9;8.9;8.9;Ki;ChEMBL;505;8;1;3;6.7;CC#C[C@@H](CC(=O)O)c1ccc(OCc2ccc(CN3CCC4(C=Cc5ccccc54)CC3)c(C)c2)cc1
CHEMBL4794233;182224;Smallmolecule;None;-;1;Human;0;Binding;4;6.3;6.3;6.3;EC50;ChEMBL;512;8;1;5;6.2;CC#C[C@@H](CC(=O)O)c1ccc(OCc2sc(CN3CCC4(C=Cc5ccccc54)CC3)nc2C)cc1
CHEMBL4794233;182224;Smallmolecule;None;-;1;Human;0;Binding;4;7.0;7.0;7.0;Ki;ChEMBL;512;8;1;5;6.2;CC#C[C@@H](CC(=O)O)c1ccc(OCc2sc(CN3CCC4(C=Cc5ccccc54)CC3)nc2C)cc1
CHEMBL4794904;182282;Smallmolecule;None;-;1;Human;0;Binding;4;6.1;6.1;6.1;EC50;ChEMBL;487;8;1;3;6.5;O=C(O)CCc1ccc(OCc2ccc(CN3CCC4(C=Cc5ccccc54)CC3)cc2)cc1Cl
CHEMBL4794904;182282;Smallmolecule;None;-;1;Human;0;Binding;4;6.7;6.7;6.7;Ki;ChEMBL;487;8;1;3;6.5;O=C(O)CCc1ccc(OCc2ccc(CN3CCC4(C=Cc5ccccc54)CC3)cc2)cc1Cl
CHEMBL4795755;182356;Smallmolecule;None;-;0;Human;0;Binding;1;4.3;4.2;4.3;EC50;ChEMBL;350;3;2;3;3.7;Nc1ccc(NS(=O)(=O)c2ccc(Cl)cc2)cc1C(F)(F)F
CHEMBL4795763;182358;Smallmolecule;None;-;1;Human;0;Binding;4;7.1;7.1;7.1;EC50;ChEMBL;498;8;1;5;5.9;CC#C[C@@H](CC(=O)O)c1ccc(OCc2ncc(CN3CCC4(C=Cc5ccccc54)CC3)s2)cc1
CHEMBL4795763;182358;Smallmolecule;None;-;1;Human;0;Binding;4;6.9;6.9;6.9;Ki;ChEMBL;498;8;1;5;5.9;CC#C[C@@H](CC(=O)O)c1ccc(OCc2ncc(CN3CCC4(C=Cc5ccccc54)CC3)s2)cc1
CHEMBL4797124;182469;Smallmolecule;None;-;1;Human;0;Binding;4;8.4;8.4;8.4;EC50;ChEMBL;511;8;1;4;6.8;CC#C[C@@H](CC(=O)O)c1ccc(OCc2cc(C)c(CN3CCC4(C=Cc5ccccc54)CC3)s2)cc1
CHEMBL4797124;182469;Smallmolecule;None;-;1;Human;0;Binding;4;8.5;8.5;8.5;Ki;ChEMBL;511;8;1;4;6.8;CC#C[C@@H](CC(=O)O)c1ccc(OCc2cc(C)c(CN3CCC4(C=Cc5ccccc54)CC3)s2)cc1
CHEMBL4797858;182538;Smallmolecule;None;-;1;Human;0;Binding;4;8.8;8.8;8.8;EC50;ChEMBL;570;9;1;4;7.5;CC#C[C@@H](CC(=O)O)c1ccc(OCc2ccc(CN3CCC4(CC3)CN(c3ccccc3)c3ccccc34)cc2)cc1
CHEMBL4797858;182538;Smallmolecule;None;-;1;Human;0;Binding;4;8.8;8.8;8.8;Ki;ChEMBL;570;9;1;4;7.5;CC#C[C@@H](CC(=O)O)c1ccc(OCc2ccc(CN3CCC4(CC3)CN(c3ccccc3)c3ccccc34)cc2)cc1
CHEMBL4798023;182554;Smallmolecule;None;-;1;Human;0;Binding;4;8.0;8.0;8.0;EC50;ChEMBL;509;8;1;3;6.5;CC#C[C@@H](CC(=O)O)c1ccc(OCc2ccc(CN3CCC4(C=Cc5ccccc54)CC3)c(F)c2)cc1
CHEMBL4798023;182554;Smallmolecule;None;-;1;Human;0;Binding;4;8.4;8.4;8.4;Ki;ChEMBL;509;8;1;3;6.5;CC#C[C@@H](CC(=O)O)c1ccc(OCc2ccc(CN3CCC4(C=Cc5ccccc54)CC3)c(F)c2)cc1
CHEMBL4798993;182618;Smallmolecule;None;-;1;Human;0;Binding;4;8.5;8.5;8.5;EC50;ChEMBL;525;8;1;3;7.1;CC#C[C@@H](CC(=O)O)c1ccc(OCc2ccc(CN3CCC4(C=Cc5ccccc54)CC3)c(Cl)c2)cc1
CHEMBL4798993;182618;Smallmolecule;None;-;1;Human;0;Binding;4;8.8;8.8;8.8;Ki;ChEMBL;525;8;1;3;7.1;CC#C[C@@H](CC(=O)O)c1ccc(OCc2ccc(CN3CCC4(C=Cc5ccccc54)CC3)c(Cl)c2)cc1